event_id,disaster_type,alert_level_ordinal,severity,distance_to_center_km,distance_to_boundary_km,road_length_m,road_type,road_impact_score
1104081,FL,2,0.0,81.92093124532342,75.41759605116829,2619.8403255039702,tertiary,1.0
1104081,FL,2,0.0,73.37469311535597,79.825249370412,2599.8124345090405,secondary,1.0
1104081,FL,2,0.0,79.57010051012931,76.94702620333332,3025.9440967657383,tertiary,1.0
1104081,FL,2,0.0,76.44772940040573,78.67379032466802,5011.050880092177,secondary,1.0
1104081,FL,2,0.0,83.31994527722898,74.93066038637556,953.5658947346137,tertiary,1.0
1104081,FL,2,0.0,82.8963209646785,75.06917625486574,39.50463593055485,tertiary,1.0
1104081,FL,2,0.0,287.47620506058956,63.24144708169076,1447.785688965388,motorway,0.0
1104081,FL,2,0.0,281.43249742725834,58.92772719681367,241.67202652963624,trunk,0.0
1104081,FL,2,0.0,281.4109024044798,58.82024766317763,35.78397543836201,trunk,0.0
1104081,FL,2,0.0,286.76271817851324,62.80315929194633,145.33787910866718,motorway,0.0
1104081,FL,2,0.0,281.3087322599539,59.021218616230854,313.6594189822826,trunk,0.0
1104081,FL,2,0.0,281.703570620243,58.41704944068428,88.22390176991625,secondary,0.0
1104081,FL,2,0.0,282.3545647568823,57.9380359092197,391.11701989206733,tertiary,0.0
1104081,FL,2,0.0,281.40425495223286,59.044757323321896,128.3737496092758,trunk,0.0
1104081,FL,2,0.0,285.50586731126765,62.26653972874669,205.93637816073692,motorway,0.0
1104081,FL,2,0.0,281.42925115784413,58.473425853794474,29.76658778723659,trunk,0.0
1104081,FL,2,0.0,279.61156257785024,56.2606706793087,51.89704021667488,residential,0.0
1104081,FL,2,0.0,285.9150151652381,62.514958773784606,709.5021125998345,motorway,0.0
1104081,FL,2,0.0,289.29509335318386,64.33144964365398,2153.9062626387204,motorway,0.0
1104081,FL,2,0.0,281.2408432042831,58.99635911864473,30.076507584324464,trunk,0.0
1104081,FL,2,0.0,283.4054242271396,60.961009351016635,2255.6920768520135,motorway,0.0
1104081,FL,2,0.0,286.4024187696637,61.26429810702625,80.58158640719198,tertiary,0.0
1104081,FL,2,0.0,281.3494142210639,58.67648046908656,43.43602552374932,trunk,0.0
1104081,FL,2,0.0,285.53738953337444,62.294993146138154,149.29747789605503,motorway,0.0
1104081,FL,2,0.0,286.58876810925517,62.718058569445134,333.93289889842134,motorway,0.0
1104081,FL,2,0.0,282.3882595883067,58.121164473904564,17.215160098502157,tertiary,0.0
1104081,FL,2,0.0,284.66690459089375,61.78285548534964,408.46937194578356,motorway,0.0
1104081,FL,2,0.0,280.484079915169,57.47239724323732,4506.351048822444,secondary,0.0
1104081,FL,2,0.0,288.24300975559896,63.70925588057216,271.7942305974624,motorway,0.0
1104081,FL,2,0.0,279.56910343179095,56.22214218351862,33.44939145189386,residential,0.0
1104081,FL,2,0.0,289.2975183785417,64.34034180828681,2143.716111421128,motorway,0.0
1104081,FL,2,0.0,282.3881158233621,58.10220186430015,42.900844267604036,tertiary,0.0
1104081,FL,2,0.0,286.5858395830651,62.726256993211415,304.3553432818678,motorway,0.0
1104081,FL,2,0.0,286.4034450697831,61.23721843926932,14.796144098431228,tertiary,0.0
1104081,FL,2,0.0,287.4823110815005,63.25254668794592,1450.2511650835102,motorway,0.0
1104081,FL,2,0.0,288.0084687909779,63.08596293757969,311.9460862117652,tertiary,0.0
1104081,FL,2,0.0,285.39992392899273,62.20217581260869,140.87442182842207,motorway,0.0
1104081,FL,2,0.0,287.6914348413815,62.5647583004396,82.39209263231542,tertiary,0.0
1104081,FL,2,0.0,286.7684988937181,62.79809425291771,119.68071868385675,motorway,0.0
1104081,FL,2,0.0,280.8112103607849,58.755215704532965,1640.3791732577913,trunk,0.0
1104081,FL,2,0.0,287.5867708297936,62.547854626391825,262.0047767083,tertiary,0.0
1104081,FL,2,0.0,288.02246486454897,62.924067378507104,377.3349967587579,tertiary,0.0
1104081,FL,2,0.0,286.32986609054177,62.66391818432707,448.8865035563467,motorway,0.0
1104081,FL,2,0.0,286.4017878543424,61.29240241652858,16.990584791135202,tertiary,0.0
1104081,FL,2,0.0,279.3037092304508,55.44396330807307,1263.0470071196164,residential,0.0
1104081,FL,2,0.0,281.1564204227997,59.02563538523683,1007.8768733147951,tertiary,0.0
1104081,FL,2,0.0,285.1713216325091,62.05503579977084,387.5442464833292,motorway,0.0
1104081,FL,2,0.0,281.4289846879483,59.01482301062103,34.046971776324284,trunk,0.0
1104081,FL,2,0.0,285.9110069562159,62.52143657838842,686.428406674643,motorway,0.0
1104081,FL,2,0.0,287.80578272416886,62.83538261220042,3895.7817056041704,secondary,0.0
1104081,FL,2,0.0,281.3802056098325,58.749736908826236,113.17120693263658,trunk,0.0
1104081,FL,2,0.0,279.3391824672324,55.98143722449407,470.3744249364021,residential,0.0
1104081,FL,2,0.0,283.41599299776425,60.988714588784035,2257.503399592976,motorway,0.0
1104081,FL,2,0.0,288.23513338593597,63.69571445416177,272.19463283427524,motorway,0.0
1104081,FL,2,0.0,286.33044961683976,62.653487283816304,422.25222382723825,motorway,0.0
1104081,FL,2,0.0,288.12560219696394,63.1031769678367,78.92477401774532,tertiary,0.0
1104121,FL,2,0.0,45.94714715372268,124.19049240896213,13.804500861743012,tertiary,1.0
1104121,FL,2,0.0,36.79351599949068,115.84978079147339,323.8622078334738,unclassified,1.0
1104121,FL,2,0.0,43.69410093390945,124.06033276509366,503.75959586200895,unclassified,1.0
1104121,FL,2,0.0,35.816698210465425,115.224573572005,1064.8248351030916,unclassified,1.0
1104121,FL,2,0.0,38.38642003814683,117.35384541455694,279.40368073889647,unclassified,1.0
1104121,FL,2,0.0,42.48190541514786,122.4258886884076,9048.427358040828,trunk,1.0
1104121,FL,2,0.0,38.74383410724351,119.37170210229719,9.177388993087494,unclassified,1.0
1104121,FL,2,0.0,35.66919074144004,115.97830275776208,374.9898816761959,unclassified,1.0
1104121,FL,2,0.0,46.34866899042029,125.3808783797392,12.657460170090186,unclassified,1.0
1104121,FL,2,0.0,41.73517244799842,120.92033764502159,128.20903635872833,unclassified,1.0
1104121,FL,2,0.0,43.34244640986133,121.72546991117328,1002.7507554236348,unclassified,1.0
1104121,FL,2,0.0,45.38936757298662,124.8679365476646,989.9612290370941,unclassified,1.0
1104121,FL,2,0.0,45.929452524262345,128.65448090105377,2395.11849604397,unclassified,1.0
1104121,FL,2,0.0,43.84606159202627,122.1165036106567,527.3494460748528,unclassified,1.0
1104121,FL,2,0.0,42.10604672293862,120.37294152661325,933.9685204776479,unclassified,1.0
1104121,FL,2,0.0,36.82581569914012,118.19343880985363,180.35498501552635,residential,1.0
1104121,FL,2,0.0,45.4487344809263,123.50682288938692,1500.3038947898312,unclassified,1.0
1104121,FL,2,0.0,38.06052773080879,119.13931275736246,19.8083238997798,trunk,1.0
1104121,FL,2,0.0,46.65762707183701,125.06532221019059,2025.0416904894387,secondary,1.0
1104121,FL,2,0.0,38.82347152664802,118.9495967107745,1193.1505185986691,unclassified,1.0
1104121,FL,2,0.0,36.61160563436629,116.10630260853276,13.273803389468867,unclassified,1.0
1104121,FL,2,0.0,43.18078042185819,121.47134895926744,314.2842634932057,unclassified,1.0
1104121,FL,2,0.0,39.85422299707807,120.2475577410734,1616.7755536913637,unclassified,1.0
1104121,FL,2,0.0,41.2368179235063,123.468455175015,5646.903928374915,unclassified,1.0
1104121,FL,2,0.0,47.07637680536478,129.77752291348864,3070.4138482032226,unclassified,1.0
1104121,FL,2,0.0,35.74744470954378,114.52655883937223,296.5820861865031,unclassified,1.0
1104121,FL,2,0.0,40.41143516049603,120.59526694784297,543.6861578746234,unclassified,1.0
1104121,FL,2,0.0,35.60774516112443,116.20782229313994,1406.2656491087087,unclassified,1.0
1104121,FL,2,0.0,41.925733436746086,120.49168635915959,500.20280715899503,unclassified,1.0
1104121,FL,2,0.0,44.380824243190816,122.89804311455377,235.85887732543145,unclassified,1.0
1104121,FL,2,0.0,44.108331400630505,125.0105474603577,2570.9649723837597,unclassified,1.0
1104121,FL,2,0.0,35.552350470675385,114.43698681475097,512.3130633558558,unclassified,1.0
1104121,FL,2,0.0,42.42620859048839,121.89528479747706,711.5154921128144,unclassified,1.0
1104121,FL,2,0.0,37.7893676312206,116.84149868516958,359.77535497428414,unclassified,1.0
1104121,FL,2,0.0,35.774162283678464,115.9747363484191,32.17007094533939,tertiary,1.0
1104121,FL,2,0.0,41.67408405912056,120.77253206084447,1678.0946386006763,unclassified,1.0
1104121,FL,2,0.0,35.274712476190295,116.39694221408553,1588.9739627910462,unclassified,1.0
1104121,FL,2,0.0,41.04844761615931,119.66532495207365,1654.621591573448,unclassified,1.0
1104121,FL,2,0.0,41.39911903438428,121.12271887026932,163.15553661380486,unclassified,1.0
1104121,FL,2,0.0,38.60542143527877,116.89241791720913,837.8559374346019,unclassified,1.0
1104121,FL,2,0.0,38.06153799103522,119.14701997031445,18.819502452308395,trunk,1.0
1104121,FL,2,0.0,45.16531283301654,123.46137364217462,1044.3706029821033,unclassified,1.0
1104121,FL,2,0.0,40.1878275598533,120.5011558350804,132.98901060932087,unclassified,1.0
1104121,FL,2,0.0,35.74426394395848,114.35968306417008,935.2037762561254,unclassified,1.0
1104121,FL,2,0.0,37.64288031636007,116.66491151918125,7.280081597261784,unclassified,1.0
1104121,FL,2,0.0,42.13776908495781,124.87822301685509,900.7634884343948,unclassified,1.0
1104121,FL,2,0.0,41.236520048942516,120.8509043827754,435.7935351577126,unclassified,1.0
1104121,FL,2,0.0,45.94837839564404,124.20005032705325,23.459226239477285,unclassified,1.0
1104121,FL,2,0.0,42.95873449612411,122.78612737726596,13.192333976688738,unclassified,1.0
1104121,FL,2,0.0,39.095760429407825,119.20349678914619,330.5276435660817,unclassified,1.0
1104121,FL,2,0.0,381.0440514000969,39.72603070181636,1299.2280056892148,unclassified,0.0
1104121,FL,2,0.0,384.6269004652487,43.64180666134961,406.0738899009511,unclassified,0.0
1104121,FL,2,0.0,384.1982750985954,43.29263990665076,435.06636194454234,unclassified,0.0
1104121,FL,2,0.0,374.4311129424276,33.38697693307091,9168.086610615115,tertiary,0.0
1104121,FL,2,0.0,379.82862590669896,38.78390175150804,1224.80883485287,track,0.0
1104121,FL,2,0.0,379.2329664754325,38.40692061336873,19.95579231015893,steps,0.0
1104121,FL,2,0.0,385.2165206758957,45.825738895604395,133.31030391142397,residential,0.0
1104121,FL,2,0.0,385.2591252523167,45.90349043170081,92.20525731420068,residential,0.0
1104121,FL,2,0.0,375.6241885896404,35.105066709510716,7009.808257431068,unclassified,0.0
1104121,FL,2,0.0,385.61443452228593,44.078898797966325,2187.704500231425,unclassified,0.0
1104121,FL,2,0.0,373.9261534764774,33.81243394079047,12968.399668523733,tertiary,0.0
1104121,FL,2,0.0,379.250617864737,38.4228256012845,8.376252074057604,footway,0.0
1104121,FL,2,0.0,386.53840618318844,45.19632706541945,270.0183048030433,motorway,0.0
1104121,FL,2,0.0,387.22885063935513,47.45345233099703,2191.8225647497825,unclassified,0.0
1104121,FL,2,0.0,378.3770476416339,37.279974860735074,1299.8702269318005,primary,0.0
1104121,FL,2,0.0,374.4713867832184,33.10422568301796,6102.976627335296,unclassified,0.0
1104121,FL,2,0.0,383.66231528864773,42.42750836792555,2475.057047500966,unclassified,0.0
1104121,FL,2,0.0,386.6863666836126,45.70377694362179,646.9527983935116,unclassified,0.0
1104121,FL,2,0.0,385.2068558402907,45.837320865746435,73.23053504423346,residential,0.0
1104121,FL,2,0.0,386.1491720168321,44.6991005490612,968.7339330429804,motorway,0.0
1104121,FL,2,0.0,377.81137848114014,37.12592190320313,19.15124055619651,unclassified,0.0
1104121,FL,2,0.0,381.99981175190857,40.177451349761064,4012.216780924416,unclassified,0.0
1104121,FL,2,0.0,387.1060377131224,45.92789408966992,1544.1728453613598,motorway,0.0
1104121,FL,2,0.0,381.03368686129386,39.77231890453717,2094.6354878280567,unclassified,0.0
1104121,FL,2,0.0,382.2074756054511,41.59002634988428,3907.221247787149,unclassified,0.0
1104121,FL,2,0.0,378.19612138189444,37.14615848852604,1268.5561171431007,tertiary,0.0
1104121,FL,2,0.0,383.32204690369446,43.026229481639206,2642.0796586514903,unclassified,0.0
1104121,FL,2,0.0,384.5788617856335,42.89580473443348,1966.2793653222852,tertiary,0.0
1104121,FL,2,0.0,388.14211979598684,47.66089906248676,4264.29881442124,unclassified,0.0
1104121,FL,2,0.0,383.7754018340354,44.18563278342513,2382.526791482267,unclassified,0.0
1104121,FL,2,0.0,383.1392978653589,42.14052031069091,462.8435366364601,unclassified,0.0
1104121,FL,2,0.0,384.1060939970538,43.784244872084365,636.0020306965947,unclassified,0.0
1104121,FL,2,0.0,380.62132717538003,40.10065190853178,2874.798161031519,unclassified,0.0
1104121,FL,2,0.0,386.3532926339767,45.4457245760433,15.007955422068283,unclassified,0.0
1104121,FL,2,0.0,379.7571905783026,38.57075706529095,2731.083597062325,unclassified,0.0
1104121,FL,2,0.0,385.6873193251911,46.483738550892895,496.2963733712701,unclassified,0.0
1104121,FL,2,0.0,378.19947072583597,37.47135888930849,179.26471022245622,tertiary,0.0
1104121,FL,2,0.0,385.3302974008748,46.064552799610595,130.34364955372456,unclassified,0.0
1104121,FL,2,0.0,377.85260673754607,36.999007131748094,1721.8389392388335,unclassified,0.0
1104121,FL,2,0.0,380.7598786330391,39.13357459873984,5061.974956206436,unclassified,0.0
1104121,FL,2,0.0,383.4612915752003,42.59626975882124,1670.8946410474273,unclassified,0.0
1104121,FL,2,0.0,382.14703065704396,41.28157230056993,1205.014523879593,unclassified,0.0
1104121,FL,2,0.0,380.58764361288485,40.89460068406718,2153.803382799607,unclassified,0.0
1104121,FL,2,0.0,379.0157809212676,40.10517585233437,9191.332269384351,unclassified,0.0
1104121,FL,2,0.0,378.6559628472637,37.75540858230074,292.431195380158,primary,0.0
1104121,FL,2,0.0,377.9786237297497,36.889131606507476,258.8588046050204,residential,0.0
1104121,FL,2,0.0,379.43104438228823,37.915994706189615,724.5332822554979,unclassified,0.0
1104121,FL,2,0.0,385.1819689957595,45.82341753237363,59.78262945352044,residential,0.0
1104121,FL,2,0.0,386.55826226257795,45.213322728035045,251.964197762515,motorway,0.0
1104121,FL,2,0.0,387.12883916931406,45.94814363844963,1570.7584055057278,motorway,0.0
1001305,TC,2,212.9616,16.055907868514293,549.3593691260869,342.5063279429952,track,0.0
1001305,TC,2,212.9616,12.644905998497208,541.2450596624967,989.0047373167358,unclassified,0.0
1001305,TC,2,212.9616,14.62822947111382,545.5660683006229,509.5580940703127,motorway,0.0
1001305,TC,2,212.9616,16.55384720582626,543.5756661468222,154.42340027798025,residential,0.0
1001305,TC,2,212.9616,18.072382398215503,549.7914411960747,128.97947916135237,living_street,0.0
1001305,TC,2,212.9616,18.932126318655847,545.4611705776268,1721.8149928339146,service,0.0
1001305,TC,2,212.9616,16.527626360144097,543.5036636603508,71.84300071310933,residential,0.0
1001305,TC,2,212.9616,19.444279492905242,551.3972876029629,131.6459126788916,residential,0.0
1001305,TC,2,212.9616,22.022530911510543,552.1434932068436,81.04346634728952,track,0.0
1001305,TC,2,212.9616,16.864080823749777,545.9111506099744,245.15502589268237,residential,0.0
1001305,TC,2,212.9616,17.542473890473385,550.4473885346648,228.4723151731027,residential,0.0
1001305,TC,2,212.9616,14.360128900915024,545.2744198819132,77.07412884086617,motorway,0.0
1001305,TC,2,212.9616,18.17196309877423,549.7423031109374,38.87590056401148,track,0.0
1001305,TC,2,212.9616,16.435089911659436,549.0324289255294,373.17298012230987,unclassified,0.0
1001305,TC,2,212.9616,20.866222374349963,551.2386686390986,675.5831132321798,motorway,0.0
1001305,TC,2,212.9616,16.93983476755372,549.4790804854789,11.189889821763616,unclassified,0.0
1001305,TC,2,212.9616,16.461328357199694,543.307392558211,232.25507931836984,residential,0.0
1001305,TC,2,212.9616,19.88248751958307,551.8414154011232,70.22719632943912,service,0.0
1001305,TC,2,212.9616,19.17614809147773,545.1431992357622,541.5426479990242,trunk,0.0
1001305,TC,2,212.9616,15.489646694351306,544.3025685895383,918.0469108991792,residential,0.0
1001305,TC,2,212.9616,20.629494616682656,548.1771390879139,258.83828955033084,residential,0.0
1001305,TC,2,212.9616,17.34531065029713,548.8098645545879,597.8150451758085,residential,0.0
1001305,TC,2,212.9616,13.240948578518658,544.0476600943967,45.39828370272083,motorway,0.0
1001305,TC,2,212.9616,18.81158027736739,550.9704650254675,90.13714041039313,residential,0.0
1001305,TC,2,212.9616,15.861825247831458,549.2405792924278,169.84543986372566,track,0.0
1001305,TC,2,212.9616,16.505825444156088,547.7648967364693,528.6713529537532,motorway_link,0.0
1001305,TC,2,212.9616,22.102028855330207,547.9417385965104,393.0215261402319,residential,0.0
1001305,TC,2,212.9616,19.183910333865896,551.4443717049301,102.60997404127653,path,0.0
1001305,TC,2,212.9616,17.830019451799494,550.600228633005,336.9867750769057,motorway,0.0
1001305,TC,2,212.9616,16.675288148943366,547.3537884107922,144.46863560599328,residential,0.0
1001305,TC,2,212.9616,17.815668949583625,550.586786360557,341.91646933776246,motorway,0.0
1001305,TC,2,212.9616,18.759446155146197,550.6984221546801,179.2017130868033,residential,0.0
1001305,TC,2,212.9616,18.145828779621446,550.2217889874439,245.52970391968165,residential,0.0
1001305,TC,2,212.9616,16.013211522757587,549.4422531846316,183.01992586232632,track,0.0
1001305,TC,2,212.9616,17.96111933159759,549.6252879327807,182.40538220389826,residential,0.0
1001305,TC,2,212.9616,16.290266234860997,543.3291309535192,108.03690298090919,residential,0.0
1001305,TC,2,212.9616,16.515122079458266,543.1266819960733,700.8363971108191,residential,0.0
1001305,TC,2,212.9616,16.01768622184143,549.2878769827814,152.7795662149408,track,0.0
1001305,TC,2,212.9616,16.905625142141062,548.1671993183353,339.8414723668997,residential,0.0
1001305,TC,2,212.9616,17.841375296645204,549.6375096692174,43.590560909028895,service,0.0
1001305,TC,2,212.9616,20.778712608461888,550.7200231053093,43.721634249204335,residential,0.0
1001305,TC,2,212.9616,12.247268871239775,540.6703169355663,619.4653697491526,trunk_link,0.0
1001305,TC,2,212.9616,17.479387245852468,549.1676963774705,372.1074073503441,residential,0.0
1001305,TC,2,212.9616,19.278783580857475,551.6838348491592,30.918704719297548,motorway,0.0
1001305,TC,2,212.9616,22.18782939627641,550.6397454866466,2537.834884853665,tertiary,0.0
1001305,TC,2,212.9616,21.581402540341927,551.3705418032481,371.8570531577911,track,0.0
1001305,TC,2,212.9616,17.072914977706404,550.2706043280766,271.0217207879342,residential,0.0
1001305,TC,2,212.9616,16.35120464753213,543.3816952451882,166.64048675233107,residential,0.0
1001305,TC,2,212.9616,19.41990594268633,551.917636663664,375.1106037373721,track,0.0
1001305,TC,2,212.9616,11.778278671974649,540.0418835829249,949.6986049012171,unclassified,0.0
1104124,FL,3,0.0,103.40469220499914,6.415701985561807,1207.7240542013712,path,0.0
1104124,FL,3,0.0,102.81063299760613,7.828048146542557,111.99039196348608,unclassified,0.0
1104124,FL,3,0.0,99.87309066434686,10.659695564225562,36.53845232005019,path,0.0
1104124,FL,3,0.0,101.01090892054422,9.582418875238131,444.5555216788334,footway,0.0
1104124,FL,3,0.0,101.51512923254211,8.295598789799747,1287.4622014331542,path,0.0
1104124,FL,3,0.0,101.79758694205852,8.786709762614997,2770.9266675931663,unclassified,0.0
1104124,FL,3,0.0,101.19943987785093,9.20586100226767,165.53193028654817,path,0.0
1104124,FL,3,0.0,99.7959046136821,10.763950353161395,986.5711536670826,path,0.0
1104124,FL,3,0.0,106.42373798562642,4.2126721162258995,1638.464398962896,unclassified,0.0
1104124,FL,3,0.0,100.2364508260969,10.177757634383667,286.7514911050226,path,0.0
1104124,FL,3,0.0,100.93350375792188,9.520601489153034,2961.7600836734196,path,0.0
1104124,FL,3,0.0,102.88697661777147,7.751751743800783,15.41279219317206,unclassified,0.0
1104124,FL,3,0.0,102.96151095455149,7.581759018975081,285.53952057746324,unclassified,0.0
1104124,FL,3,0.0,100.97444157583132,9.569470340619903,308.3200439828843,footway,0.0
1104124,FL,3,0.0,101.54802997606969,8.829664828407171,274.86970950977457,path,0.0
1104124,FL,3,0.0,101.83686971555876,8.524693077288463,80.06971306973612,path,0.0
1104124,FL,3,0.0,101.81340675207487,8.801064634170318,4746.306994923878,unclassified,0.0
1104124,FL,3,0.0,102.85190004923348,7.728077912807531,3923.4315947442096,unclassified,0.0
1104124,FL,3,0.0,101.58658803767096,8.09911408093781,24.624301907617635,path,0.0
1104124,FL,3,0.0,102.15176145449799,8.228922277734348,62.150414578497774,path,0.0
1104124,FL,3,0.0,99.72779028793863,10.404817718133684,527.8833792166664,path,0.0
1104124,FL,3,0.0,103.8807569463237,6.030447673258466,140.73767301135132,path,0.0
1104124,FL,3,0.0,101.60083861467747,9.159873196078197,236.7984428238591,path,0.0
1104124,FL,3,0.0,99.96155192168686,10.320119371552057,3644.3862186455103,track,0.0
1104124,FL,3,0.0,104.19366193439954,5.7118781855952845,62.563659139913725,path,0.0
1104124,FL,3,0.0,100.1511717225947,10.520235079816675,372.7575079446471,path,0.0
1104124,FL,3,0.0,100.63525165984623,9.927147237245338,204.0905396749783,unclassified,0.0
1104124,FL,3,0.0,101.39746244208283,8.776642961183839,46.76561634483036,path,0.0
1104124,FL,3,0.0,104.66216679440856,6.297395162422798,819.1522904904054,path,0.0
1104124,FL,3,0.0,102.66437694120852,8.018187858968563,197.84563224435524,path,0.0
1104124,FL,3,0.0,100.15603547813033,10.481058259356118,1344.5839541045632,path,0.0
1104124,FL,3,0.0,103.61397873678055,7.0127578784665445,3097.0867652640186,service,0.0
1104124,FL,3,0.0,100.03869101219507,9.939323851721586,1252.7368870275209,path,0.0
1104124,FL,3,0.0,100.82513897458297,9.273806496181638,99.83939660688335,path,0.0
1104124,FL,3,0.0,101.38902691197984,8.640198674665152,422.5870252674224,path,0.0
1104124,FL,3,0.0,102.04285518463709,8.36527856544632,20.453843888490724,path,0.0
1104124,FL,3,0.0,101.62259887544398,8.237622776416544,207.34141864223133,path,0.0
1104124,FL,3,0.0,104.04680056084918,5.813809478206537,6338.08301855517,unclassified,0.0
1104124,FL,3,0.0,100.95294526892786,9.607212634312146,341.93433428887414,footway,0.0
1104124,FL,3,0.0,102.9003441719527,7.377003120579,27.043854417883253,path,0.0
1104124,FL,3,0.0,101.8315205020126,8.541181668527708,70.76531999205321,path,0.0
1104124,FL,3,0.0,101.80019231049933,7.9073358647331125,87.84147196293671,path,0.0
1104124,FL,3,0.0,102.91412603359913,7.701932261208285,18.19162227312326,path,0.0
1104124,FL,3,0.0,102.9023665088651,7.713328949999884,16.36195968599804,path,0.0
1104124,FL,3,0.0,104.13003497760148,5.655511519564955,856.8084791333756,path,0.0
1104124,FL,3,0.0,110.9728680632486,0.10802136143279534,2411.874215618481,trunk,1.0
1104124,FL,3,0.0,102.81550810100754,7.860159087318357,150.82112458681317,path,0.0
1104124,FL,3,0.0,103.07789344834443,7.463454865167578,212.90332548589888,unclassified,0.0
1104124,FL,3,0.0,102.26142745490544,8.201333158652288,674.7779362184084,path,0.0
1104124,FL,3,0.0,103.90436175589251,5.930803500655432,593.1501997887731,path,0.0
1104124,FL,3,0.0,133.8888023477259,119.84765774463517,3.2569481691992848,residential,0.0
1104124,FL,3,0.0,132.05360433345834,117.70488634261963,87.65807838510474,residential,0.0
1104124,FL,3,0.0,132.42672452660486,118.08425221499455,376.2395727634189,residential,0.0
1104124,FL,3,0.0,132.3888476555365,117.74701254583869,157.96334115536365,residential,0.0
1104124,FL,3,0.0,133.91480160062162,119.87425076213589,7.661843782405344,residential,0.0
1104124,FL,3,0.0,131.80693941310378,116.96275223907655,52.89910263328748,residential,0.0
1104124,FL,3,0.0,132.1158038704634,117.64113908074077,60.89918055118415,residential,0.0
1104124,FL,3,0.0,133.06158423520188,118.721795296831,107.42536487220515,residential,0.0
1104124,FL,3,0.0,130.22120805562562,115.35466290110176,63.65584757439918,residential,0.0
1104124,FL,3,0.0,129.09259251190312,114.72158079198944,72.43793734236964,residential,0.0
1104124,FL,3,0.0,130.14062036298623,115.33505296156531,110.40151164647762,residential,0.0
1104124,FL,3,0.0,127.9649543305674,113.10348195629187,29.477137399061633,residential,0.0
1104124,FL,3,0.0,130.99035045620994,116.04435744863714,104.08719137945538,residential,0.0
1104124,FL,3,0.0,131.09528587402983,116.32681066336949,181.02496622896592,residential,0.0
1104124,FL,3,0.0,131.215081233391,116.48520874929127,358.24977101763943,residential,0.0
1104124,FL,3,0.0,131.03700935936243,116.14371680625476,74.3823795160899,residential,0.0
1104124,FL,3,0.0,134.53364170721008,120.63288778015017,86.3126673552696,residential,0.0
1104124,FL,3,0.0,128.58307001069886,114.26158790547561,167.64985651318105,residential,0.0
1104124,FL,3,0.0,127.7628622226698,113.41910767535279,43.52762108162591,secondary,0.0
1104124,FL,3,0.0,131.48779004575627,116.97899754144692,147.87380283725952,residential,0.0
1104124,FL,3,0.0,129.4986977332346,115.0057731139443,65.45187942366368,residential,0.0
1104124,FL,3,0.0,135.59123588892396,121.36065609181762,78.36991883558788,residential,0.0
1104124,FL,3,0.0,130.12767095751775,115.66549663774262,51.68284440389493,residential,0.0
1104124,FL,3,0.0,129.77364988580047,115.10182042911698,121.75749901393284,residential,0.0
1104124,FL,3,0.0,128.0561225888964,113.82549934025889,85.56811605493982,residential,0.0
1104124,FL,3,0.0,128.04152586957082,113.72633028600235,101.01727653571228,residential,0.0
1104124,FL,3,0.0,129.95391712673876,115.60709921698009,955.8530168982529,trunk,0.0
1104124,FL,3,0.0,126.84645460399585,112.56094412259851,80.85488823338707,residential,0.0
1104124,FL,3,0.0,135.95919403795324,121.24727770564486,372.3942097255683,residential,0.0
1104124,FL,3,0.0,131.41974355429676,116.7714207622171,156.61603923835526,residential,0.0
1104124,FL,3,0.0,136.57435764278623,121.86532854377877,53.9939494977962,residential,0.0
1104124,FL,3,0.0,132.79385306208812,118.02535505454685,442.11513645591384,residential,0.0
1104124,FL,3,0.0,127.73495350707145,113.00011167578064,82.48831544915807,residential,0.0
1104124,FL,3,0.0,132.52221004578487,117.88042693508014,64.1279295745326,residential,0.0
1104124,FL,3,0.0,132.08668074076377,117.67893637228336,134.11983396855766,residential,0.0
1104124,FL,3,0.0,128.61931217028823,114.74610252544855,263.7261369664639,residential,0.0
1104124,FL,3,0.0,136.6517748199164,122.1634532411949,297.26673803829306,service,0.0
1104124,FL,3,0.0,129.7573109992508,115.08049043038551,188.3568350246595,residential,0.0
1104124,FL,3,0.0,128.71188351112815,114.2531520893906,175.17764964542803,residential,0.0
1104124,FL,3,0.0,128.39213077679173,114.01200533450675,59.75598517879818,residential,0.0
1104124,FL,3,0.0,130.33591336709546,115.65705415735707,131.1745467520734,residential,0.0
1104124,FL,3,0.0,131.05839006608412,116.34411306787601,659.7739672942653,residential,0.0
1104124,FL,3,0.0,132.4991139469013,117.74722912358855,371.0961558196115,residential,0.0
1104124,FL,3,0.0,133.26850390253344,118.35355066185156,47.16966090476213,residential,0.0
1104124,FL,3,0.0,129.10829906995627,114.54529229981367,134.94580587623057,service,0.0
1104124,FL,3,0.0,130.56207385883508,115.87701778147182,142.80360945881483,residential,0.0
1104124,FL,3,0.0,132.86882211664602,118.03188583964474,126.77769802047469,residential,0.0
1104124,FL,3,0.0,133.2649848280227,118.6401228726529,663.457334496799,residential,0.0
1104124,FL,3,0.0,131.58833081995152,117.07301693057599,127.0509947642255,residential,0.0
1104124,FL,3,0.0,129.56518021693915,115.0608998743613,219.30103191275614,residential,0.0
1562260,EQ,2,5.0,6.627524430923158,94.74706270328525,17.298597167130833,trunk,1.0
1562260,EQ,2,5.0,4.917236982381583,95.08589983503319,571.137065307113,unclassified,1.0
1562260,EQ,2,5.0,4.353201052251259,96.51219261446252,131.02483185373342,unclassified,1.0
1562260,EQ,2,5.0,3.194961104900151,96.85366182942099,1344.9034616031388,secondary,1.0
1562260,EQ,2,5.0,4.565252778418232,95.43687214800117,724.8198709560166,unclassified,1.0
1562260,EQ,2,5.0,5.308944963914206,96.68499091481787,279.5160136973784,unclassified,1.0
1562260,EQ,2,5.0,3.5441716378366994,96.85425148484529,620.995308014035,secondary,1.0
1562260,EQ,2,5.0,4.086861014670385,95.9318551375407,197.5887625622937,residential,1.0
1562260,EQ,2,5.0,6.248641589455685,94.53218988506748,736.6344139279266,secondary,1.0
1562260,EQ,2,5.0,4.158531282393036,95.87872674919113,1320.6593811952214,unclassified,1.0
1562260,EQ,2,5.0,4.894425160379318,95.89752220450436,237.32083866178817,service,1.0
1562260,EQ,2,5.0,6.066745911440645,95.69965043849851,1275.4752437783493,service,1.0
1562260,EQ,2,5.0,4.006522331699384,96.17260338505986,35.05928756653496,unclassified,1.0
1562260,EQ,2,5.0,6.9797503196128625,93.63659560979893,2052.1561607375775,proposed,1.0
1562260,EQ,2,5.0,4.879503415495332,97.98853989813259,2777.9733104355773,secondary,1.0
1562260,EQ,2,5.0,7.531214695679361,94.01308902663945,1898.5427512764265,unclassified,1.0
1562260,EQ,2,5.0,6.255182963753677,94.52077022038283,751.7584009884905,secondary,1.0
1562260,EQ,2,5.0,3.4860914587587963,98.44840810863838,211.43353322255362,construction,1.0
1562260,EQ,2,5.0,3.748517958969589,98.25783353586893,4381.870412783647,construction,1.0
1562260,EQ,2,5.0,3.0309042033847513,98.68147016087146,4785.366752592666,construction,1.0
1562260,EQ,2,5.0,7.234781508947947,94.36883067793593,1243.512006804936,proposed,1.0
1562260,EQ,2,5.0,4.008471773113543,95.99963883151078,169.8465739201878,residential,1.0
1562260,EQ,2,5.0,6.672622856436149,95.09268406420574,1312.9727848682867,primary,1.0
1562260,EQ,2,5.0,7.866206050848323,94.40110612281201,4881.644105420294,tertiary,1.0
1562260,EQ,2,5.0,3.1048352764171834,96.94198034786959,2051.544642756122,unclassified,1.0
1562260,EQ,2,5.0,4.08460089038762,96.08269445305382,159.89222161253787,track,1.0
1562260,EQ,2,5.0,5.571019175109583,94.51157737778382,3806.053214036976,tertiary,1.0
1562260,EQ,2,5.0,6.602362422410716,94.76427600387946,108.63481539106586,tertiary_link,1.0
1562260,EQ,2,5.0,4.348062238935953,98.14352135465231,284.09579345209136,construction,1.0
1562260,EQ,2,5.0,5.146254529763131,96.5245691395388,607.2933429154245,unclassified,1.0
1562260,EQ,2,5.0,5.104135711687402,98.85284457625878,8373.865338062838,secondary,1.0
1562260,EQ,2,5.0,5.0530831784868875,95.55370900264191,2040.3995272338439,unclassified,1.0
1562260,EQ,2,5.0,4.290761736959589,96.14699995917694,2817.68293986838,tertiary,1.0
1562260,EQ,2,5.0,1.922589929632006,98.47928793737319,146.9900242706416,construction,1.0
1562260,EQ,2,5.0,5.318562283938574,95.85968645759493,1116.6512111666723,unclassified,1.0
1562260,EQ,2,5.0,5.264887744955554,95.51919528155813,2139.510572321917,unclassified,1.0
1562260,EQ,2,5.0,5.186831056665204,97.09825221310918,50.481020342295544,tertiary,1.0
1562260,EQ,2,5.0,6.834002580044515,94.29212806907344,608.7461038567469,secondary,1.0
1562260,EQ,2,5.0,4.861925146331388,95.34349805730449,5160.032347788435,secondary,1.0
1562260,EQ,2,5.0,6.609177185980141,94.43851517439008,15.485991268387117,tertiary,1.0
1562260,EQ,2,5.0,6.74152056620584,94.24722737061552,1840.6272084327024,unclassified,1.0
1562260,EQ,2,5.0,2.2840020420721583,98.09422886177376,1682.1999458549647,secondary,1.0
1562260,EQ,2,5.0,5.441145026730403,96.3192245579991,542.3418765457508,unclassified,1.0
1562260,EQ,2,5.0,4.352562702637429,98.21122470147628,764.0868545554654,unclassified,1.0
1562260,EQ,2,5.0,3.291589137701324,96.71318219930373,791.0153082475274,unclassified,1.0
1562260,EQ,2,5.0,1.507313862541136,99.54528357678474,46.760927225667345,tertiary,1.0
1562260,EQ,2,5.0,1.5113928943726718,98.53327365000014,173.22140539421173,construction,1.0
1562260,EQ,2,5.0,4.067027290548954,95.96697589641043,135.15204060396962,residential,1.0
1562260,EQ,2,5.0,5.927011994772761,95.83035866212448,2232.50236504026,tertiary,1.0
1562260,EQ,2,5.0,4.843519456362971,95.17743917037279,2090.3877825023433,unclassified,1.0
1562260,EQ,2,5.0,106.43236163683422,7.169723975425721,106.24882225100794,primary,0.0
1562260,EQ,2,5.0,109.27838904904661,10.418866783617377,142.42808138730192,trunk_link,0.0
1562260,EQ,2,5.0,106.72976441721077,7.562312769424475,9.542227653598722,footway,0.0
1562260,EQ,2,5.0,107.28910079252363,8.200788373688079,527.9209704892754,tertiary,0.0
1562260,EQ,2,5.0,106.77092756047061,7.587408939392326,791.645374446946,tertiary,0.0
1562260,EQ,2,5.0,107.01291911838656,7.889131471633995,23.44267895543365,footway,0.0
1562260,EQ,2,5.0,106.37024707667133,7.129403194468228,13.196159732583505,trunk,0.0
1562260,EQ,2,5.0,110.9717872707119,12.394512102665924,2979.110482480554,primary,0.0
1562260,EQ,2,5.0,114.04057625115756,15.904592434224472,426.8017423574569,residential,0.0
1562260,EQ,2,5.0,107.02597500651886,7.903752503540727,3.8337881006340946,footway,0.0
1562260,EQ,2,5.0,112.59351324492023,14.21386820548797,17.88053087168033,residential,0.0
1562260,EQ,2,5.0,105.55290845072616,6.151653249066621,385.80899510307813,service,0.0
1562260,EQ,2,5.0,112.3246070539187,13.907468881359351,533.956386691695,residential,0.0
1562260,EQ,2,5.0,106.15131245364414,6.819213119627163,838.2953968769586,secondary,0.0
1562260,EQ,2,5.0,113.60282124747849,15.414002686137408,116.809268925875,trunk,0.0
1562260,EQ,2,5.0,106.94971896912794,7.8093834934404915,10.16873052723277,steps,0.0
1562260,EQ,2,5.0,111.32640700334635,12.797246485403862,631.8696417382439,primary,0.0
1562260,EQ,2,5.0,105.90196546444504,6.569349073885743,621.5975570613407,residential,0.0
1562260,EQ,2,5.0,112.20827123197324,13.772261693673812,69.47639666153637,residential,0.0
1562260,EQ,2,5.0,115.19549390251491,17.189833764948542,3602.3608940683407,residential,0.0
1562260,EQ,2,5.0,106.68504263099946,7.469752531178787,30.767039702077195,construction,0.0
1562260,EQ,2,5.0,106.9657897723989,7.835141842341645,1100.5719709940138,tertiary,0.0
1562260,EQ,2,5.0,107.11131960897033,7.998594815647783,15.062084924572561,footway,0.0
1562260,EQ,2,5.0,112.45175618530199,14.048062439702376,202.69211864626783,unclassified,0.0
1562260,EQ,2,5.0,106.02516701604766,6.732903059014817,1581.8298392270594,trunk,0.0
1562260,EQ,2,5.0,107.16948300471827,8.061017791421229,3.3037450089597873,footway,0.0
1562260,EQ,2,5.0,105.91896086153261,6.637105291783375,794.7484308099165,tertiary,0.0
1562260,EQ,2,5.0,105.75547061753468,6.415163693729039,14.83938019414169,trunk,0.0
1562260,EQ,2,5.0,107.03614245273441,7.894406553478556,153.71757845020508,service,0.0
1562260,EQ,2,5.0,106.67559472904618,7.47723461692855,423.72517081933535,tertiary,0.0
1562260,EQ,2,5.0,113.32749276333884,15.05207026633353,923.3930111384591,residential,0.0
1562260,EQ,2,5.0,105.85244761922806,6.5313378918492235,205.45718389219937,trunk,0.0
1562260,EQ,2,5.0,113.22116830246773,14.923286335031813,7978.674512585197,trunk,0.0
1562260,EQ,2,5.0,105.38977532388843,5.953922173296759,429.6309183983809,motorway_link,0.0
1562260,EQ,2,5.0,113.4541473675764,15.236268986033648,170.47727943147837,service,0.0
1562260,EQ,2,5.0,107.22054384794328,8.067769783506288,111.91145840521236,residential,0.0
1562260,EQ,2,5.0,111.40526817678997,12.856041901927727,181.68234433067883,residential,0.0
1562260,EQ,2,5.0,113.37751128548244,15.113056858837588,1457.0166296153648,motorway,0.0
1562260,EQ,2,5.0,106.46616653592453,7.243039382987056,194.17212518243798,residential,0.0
1562260,EQ,2,5.0,111.89615597142857,13.414690715499558,2147.054212857351,unclassified,0.0
1562260,EQ,2,5.0,107.90743509252566,8.840828334872384,316.1435322030704,proposed,0.0
1562260,EQ,2,5.0,105.80884953036927,6.44278686626459,27.364141028679178,service,0.0
1562260,EQ,2,5.0,107.20444336016014,8.103816752549196,845.9540014921234,service,0.0
1562260,EQ,2,5.0,112.09252843019159,13.633922802254006,226.81896838285664,residential,0.0
1562260,EQ,2,5.0,106.41905714971679,7.1741142301846335,812.2836933257969,residential,0.0
1562260,EQ,2,5.0,106.94769841982634,7.807181320153701,2.125816773972162,footway,0.0
1562260,EQ,2,5.0,112.5292113433704,14.18110400005137,342.75991675198173,service,0.0
1562260,EQ,2,5.0,111.1339098614271,12.54430084194773,303.1299852383956,trunk_link,0.0
1562260,EQ,2,5.0,106.86995569608685,7.7245528495002,65.59615845062368,service,0.0
1562260,EQ,2,5.0,113.3347874798658,15.098969527405705,56.34399883316274,residential,0.0
1104123,FL,2,0.0,24.392090481667136,49.658174449361695,23.0520257457707,primary,1.0
1104123,FL,2,0.0,29.060753328346536,51.68649251341157,3619.2033876622136,motorway,1.0
1104123,FL,2,0.0,25.92972482903353,50.21107489081572,1031.5965455752869,tertiary,1.0
1104123,FL,2,0.0,25.81335754879931,49.92213987829199,29.154849553860082,secondary,1.0
1104123,FL,2,0.0,26.064689997543876,49.25745472250971,454.04070668160557,motorway,1.0
1104123,FL,2,0.0,24.270699634278838,49.355403106805866,12.329915433431704,residential,1.0
1104123,FL,2,0.0,27.240866667588016,50.10869085156916,224.85859603736182,motorway,1.0
1104123,FL,2,0.0,27.033380532369204,50.080380503445156,714.2960110714724,residential,1.0
1104123,FL,2,0.0,27.45043099514571,50.43377786949601,46.46914710942252,service,1.0
1104123,FL,2,0.0,24.376253993604887,49.50758541081643,19.223598194044154,service,1.0
1104123,FL,2,0.0,22.057233648228074,45.9004459240592,2300.6143671237983,motorway,1.0
1104123,FL,2,0.0,25.804733810761128,51.00847105213521,44.425625212162785,residential,1.0
1104123,FL,2,0.0,25.41997380212561,50.43594097477633,127.53398727580377,residential,1.0
1104123,FL,2,0.0,29.066978143271072,51.696908163998195,3611.9359023703346,motorway,1.0
1104123,FL,2,0.0,24.701548166230005,49.64963984183087,618.6250290118213,unclassified,1.0
1104123,FL,2,0.0,23.906337499259628,49.11888192802234,495.5281644855272,residential,1.0
1104123,FL,2,0.0,27.497711432357107,50.45048092644489,8.527242870934316,footway,1.0
1104123,FL,2,0.0,24.49242548083953,49.490755159899905,32.67612748467246,residential,1.0
1104123,FL,2,0.0,23.827420104120325,49.104387478593395,777.0977016970203,service,1.0
1104123,FL,2,0.0,26.580834354246402,50.75782700464322,1218.74760666039,residential,1.0
1104123,FL,2,0.0,27.694427793439086,50.25322081039251,250.9717660250625,service,1.0
1104123,FL,2,0.0,24.370687748463112,49.42845796592389,628.3272735902267,residential,1.0
1104123,FL,2,0.0,23.308091568888045,48.54336301836288,1653.3498352427143,primary,1.0
1104123,FL,2,0.0,24.954319400715736,50.006296449448676,108.57557362435762,steps,1.0
1104123,FL,2,0.0,20.374870112748333,44.537128691314216,379.58691169771754,motorway,1.0
1104123,FL,2,0.0,27.01361671309452,49.77561667662698,157.95535926119953,motorway_link,1.0
1104123,FL,2,0.0,22.042874470612094,45.87510539289778,2294.745900497121,motorway,1.0
1104123,FL,2,0.0,26.28875670760651,51.75102752056195,1247.3975069663413,tertiary,1.0
1104123,FL,2,0.0,25.28581148802295,50.291923481688364,226.10110926431594,service,1.0
1104123,FL,2,0.0,27.145030145357257,50.0587402935358,68.53849692107167,motorway,1.0
1104123,FL,2,0.0,24.20800072167427,49.36895126709084,897.7120768102493,primary,1.0
1104123,FL,2,0.0,25.33884668075512,50.4531350295688,502.200714471577,residential,1.0
1104123,FL,2,0.0,26.54381003476849,49.73803994820158,66.48052999918437,service,1.0
1104123,FL,2,0.0,27.411640013139124,50.401060431523504,63.94361626157609,service,1.0
1104123,FL,2,0.0,25.247567223567994,49.916322038573945,395.0506107276553,residential,1.0
1104123,FL,2,0.0,20.373892521718037,44.55189821427106,360.5554240742939,motorway,1.0
1104123,FL,2,0.0,27.032317859768607,49.95854819558013,776.3446270043123,motorway_link,1.0
1104123,FL,2,0.0,20.596506088062664,44.75040651641817,63.81266698910976,motorway,1.0
1104123,FL,2,0.0,26.576993198225757,49.7827745543273,108.11298679014983,service,1.0
1104123,FL,2,0.0,25.546180616033276,50.685526260249304,112.0931938960187,residential,1.0
1104123,FL,2,0.0,20.58914481214194,46.39281582920805,7850.6423452619465,path,1.0
1104123,FL,2,0.0,24.868088651741314,49.90644788028888,860.8390292977703,unclassified,1.0
1104123,FL,2,0.0,25.724341107261722,50.98717150023897,439.1916557457151,residential,1.0
1104123,FL,2,0.0,24.579382689658363,49.57593226250143,150.800041280997,residential,1.0
1104123,FL,2,0.0,27.474792639976812,50.398980878662336,10.399114862875177,footway,1.0
1104123,FL,2,0.0,26.82594143635837,50.04507038244035,79.51542591894314,service,1.0
1104123,FL,2,0.0,24.862611259514388,49.9371730898613,284.6282965552998,service,1.0
1104123,FL,2,0.0,25.695865811987876,50.910190046233645,138.66824180150599,residential,1.0
1104123,FL,2,0.0,27.27567640064129,50.12532673738749,776.8828232729563,motorway_link,1.0
1104123,FL,2,0.0,24.705049212026843,49.40903265189854,3028.95999122291,trunk,1.0
1030252,WF,2,18310.0,5.384918750995683,0.7184097772950317,108.36204465435019,residential,1.0
1030252,WF,2,18310.0,5.247560980875591,1.203372611697881,1199.3680610150486,track,1.0
1030252,WF,2,18310.0,2.454906743540358,0.8806845512721501,1269.4884912174427,path,1.0
1030252,WF,2,18310.0,3.6584940913616304,1.7067902067411505,34.54294895466111,track,1.0
1030252,WF,2,18310.0,4.897294885438196,2.2128809023712415,3970.3739781317895,track,1.0
1030252,WF,2,18310.0,3.901740333640243,3.7094544771560334,2174.566163972243,track,1.0
1030252,WF,2,18310.0,3.3929355837198156,0.0491618854133804,94.07619581525955,path,1.0
1030252,WF,2,18310.0,2.1473056291952104,2.154885596835731,435.05915435608273,path,1.0
1030252,WF,2,18310.0,5.333867897381148,0.9097206690484226,805.2465424209296,track,1.0
1030252,WF,2,18310.0,5.769965674084705,0.30648698353311704,31.015537161706387,secondary,1.0
1030252,WF,2,18310.0,5.219822516307929,0.8659811679626523,230.23766846549051,track,1.0
1030252,WF,2,18310.0,2.845505862671375,0.40065910701579105,1851.5258945561995,track,1.0
1030252,WF,2,18310.0,2.132684377458638,4.680831280211857,1721.5492475786891,track,1.0
1030252,WF,2,18310.0,5.762747280684488,0.4081292202142982,64.21826193233066,service,1.0
1030252,WF,2,18310.0,4.3981478026369185,0.0930995278172571,351.3740493286441,path,0.23246803427065554
1030252,WF,2,18310.0,6.539434138533554,0.39108135548445244,4572.585846496348,path,0.21435746789288415
1030252,WF,2,18310.0,5.7379736639469625,0.4371431079476147,115.31284497918234,residential,1.0
1030252,WF,2,18310.0,5.757676618637122,0.5101029650673465,89.98228464807423,secondary,1.0
1030252,WF,2,18310.0,5.542466027428891,0.5541927747209936,365.41712187078275,residential,1.0
1030252,WF,2,18310.0,3.160987478828169,0.13420040800326646,81.56711051161743,path,1.0
1030252,WF,2,18310.0,5.663655342498734,0.3573856888060028,42.12024578011462,track,1.0
1030252,WF,2,18310.0,6.0128904796384965,0.022732620540084496,34.20750840581326,track,1.0
1030252,WF,2,18310.0,5.666016271737429,0.4862548465807674,61.467716901040376,residential,1.0
1030252,WF,2,18310.0,5.548526946606208,0.026890339198260452,829.4176124451852,track,0.8014229275937391
1030252,WF,2,18310.0,5.51375729451453,0.07033659802991275,5120.842572217454,track,0.8416033988246433
1030252,WF,2,18310.0,3.3440676397736997,0.19462215531550286,1753.3408603620364,path,1.0
1030252,WF,2,18310.0,3.191583593054732,0.1492283061009629,59.22425387518789,footway,1.0
1030252,WF,2,18310.0,3.9891723303451254,1.74064321119365,841.9536509244178,track,1.0
1030252,WF,2,18310.0,3.9252826810774653,1.1036099536102237,7442.782243934187,track,1.0
1030252,WF,2,18310.0,4.15681182798392,0.6510699187857073,160.28164484607336,path,1.0
1030252,WF,2,18310.0,6.188082864575552,1.4302243951725369,981.3015368690715,path,1.0
1030252,WF,2,18310.0,6.03107143398892,0.5922636516596823,903.5436950697259,track,1.0
1030252,WF,2,18310.0,5.84507060931883,0.4449124168586464,226.8767503603484,path,1.0
1030252,WF,2,18310.0,2.5042565640314365,3.533872166276324,1900.9339987597812,track,1.0
1030252,WF,2,18310.0,7.108162427338602,1.1176801412957518,190.61372102091698,track,0.0
1030252,WF,2,18310.0,6.077770015111793,0.06167323294228044,948.0498278740321,residential,0.4520064322271342
1030252,WF,2,18310.0,4.449533414449171,1.3800214039471936,3687.1997237156534,track,1.0
1030252,WF,2,18310.0,5.766513374710746,0.35546618538311653,91.21669486789293,residential,1.0
1030252,WF,2,18310.0,4.363644906877088,0.1585491973899259,3059.691149886813,path,0.9999239760918945
1030252,WF,2,18310.0,5.610143316365393,0.4056758507941517,46.64861585680248,track,1.0
1030252,WF,2,18310.0,5.617519687960911,0.7046832301273408,884.5309879321468,residential,1.0
1030252,WF,2,18310.0,4.534448310493121,1.0497515231059074,2841.2315572581965,track,1.0
1030252,WF,2,18310.0,5.73810262718069,0.44926645404955273,56.76098038608408,secondary,1.0
1030252,WF,2,18310.0,6.311687498121422,0.0682046994698743,11397.113267650255,unclassified,0.8711931123725357
1030252,WF,2,18310.0,1.921556723621631,4.468126831302901,55.988586639993734,track,1.0
1030252,WF,2,18310.0,5.591052940039716,0.3137122817818401,555.1839201266795,track,1.0
1030252,WF,2,18310.0,2.875243051911681,0.5582545150162496,251.19193149400272,path,1.0
1030252,WF,2,18310.0,2.797451169209183,0.5510962153037772,481.77821553876123,path,1.0
1030252,WF,2,18310.0,1.279124432586821,4.951732193560876,2087.448853973463,track,1.0
1030252,WF,2,18310.0,1.688990530286689,4.944906848670396,402.24836288396807,track,1.0
1030252,WF,2,18310.0,22.823629505440998,15.038877603951063,1726.9806323325092,track,0.0
1030252,WF,2,18310.0,20.027478928951023,11.819709203791628,632.8462215733945,track,0.0
1030252,WF,2,18310.0,28.09392787482747,20.76347496362561,1127.6717636213984,track,0.0
1030252,WF,2,18310.0,24.62647321029119,16.60051169325212,23.0188982733108,track,0.0
1030252,WF,2,18310.0,20.32338029984154,12.128073074038312,233.52554105206687,service,0.0
1030252,WF,2,18310.0,23.52053292892945,14.761066975328804,71081.24670445276,proposed,0.0
1030252,WF,2,18310.0,23.310883016422817,15.752502248461598,1209.103086600302,residential,0.0
1030252,WF,2,18310.0,22.95081766759978,15.681345380653756,660.0951082706755,track,0.0
1030252,WF,2,18310.0,27.72278144370416,20.100770776054194,467.471863849773,track,0.0
1030252,WF,2,18310.0,27.89100330441992,20.40070543001819,2024.4612124511916,track,0.0
1030252,WF,2,18310.0,27.00315731666018,19.46093970988654,319.53856071563985,track,0.0
1030252,WF,2,18310.0,22.625670363726698,15.064873356676108,171.58308704617548,primary,0.0
1030252,WF,2,18310.0,28.925225712845275,21.130239173454964,758.6774955165611,track,0.0
1030252,WF,2,18310.0,19.95131395655413,11.888903790535416,254.27937512215192,track,0.0
1030252,WF,2,18310.0,19.855915133600668,11.677132771663596,141.28157069487355,primary,0.0
1030252,WF,2,18310.0,23.232232092065782,15.772599146114963,759.9538989624383,track,0.0
1030252,WF,2,18310.0,25.649338004719652,17.495364157929412,9727.288971666083,track,0.0
1030252,WF,2,18310.0,28.214912917030084,20.09155249230978,900.8151602279211,track,0.0
1030252,WF,2,18310.0,24.527124470976776,16.46710916481751,118.15072908897011,track,0.0
1030252,WF,2,18310.0,22.18660431142317,14.833635882611054,789.5531777653504,track,0.0
1030252,WF,2,18310.0,19.824418278888142,11.625449993191234,376.2274692418197,primary,0.0
1030252,WF,2,18310.0,22.71620502205821,15.412438263448292,76.67113929372219,track,0.0
1030252,WF,2,18310.0,27.024634799539314,19.140885053842386,1037.674246814096,track,0.0
1030252,WF,2,18310.0,20.065730186912702,11.912399270227565,124.46032879527634,primary,0.0
1030252,WF,2,18310.0,20.926446815500302,12.980272460007132,698.8906373422684,primary,0.0
1030252,WF,2,18310.0,22.775058728562907,15.46539107526743,128.04123891517912,track,0.0
1030252,WF,2,18310.0,19.089113194749963,11.536706843683506,1616.3511813741793,track,0.0
1030252,WF,2,18310.0,23.836054844597705,16.222564988917227,335.2034775961015,track,0.0
1030252,WF,2,18310.0,22.91854373982326,15.552618709922422,67.47291849392018,tertiary,0.0
1030252,WF,2,18310.0,23.016929079281162,15.435396707905142,46.781431570865166,residential,0.0
1030252,WF,2,18310.0,27.119118251562934,19.71321022750661,487.02358470039604,track,0.0
1030252,WF,2,18310.0,28.32307886178412,20.193511265491857,10.391645090926719,track,0.0
1030252,WF,2,18310.0,24.235730831113454,16.241716208491393,848.4239816582749,track,0.0
1030252,WF,2,18310.0,25.815461542121586,17.785652283035915,1398.1203890216075,track,0.0
1030252,WF,2,18310.0,24.91358343391903,17.542828610558672,607.7527096199751,track,0.0
1030252,WF,2,18310.0,23.01867339236143,15.575036342210598,178.1647450792325,track,0.0
1030252,WF,2,18310.0,18.91585865537637,10.720045894449026,1509.3718929826716,residential,0.0
1030252,WF,2,18310.0,18.742198134736007,11.147496525903744,1554.3248637139654,track,0.0
1030252,WF,2,18310.0,27.299509543378733,19.094296357893615,925.2201044519184,track,0.0
1030252,WF,2,18310.0,22.80696136396106,15.22601394678486,204.74639113283712,footway,0.0
1030252,WF,2,18310.0,19.384027221386752,11.22653928645411,143.43887993070095,residential,0.0
1030252,WF,2,18310.0,24.751963562874355,17.636653079628378,1810.1259243756656,track,0.0
1030252,WF,2,18310.0,21.726242505687058,13.813242178068926,1521.4570850062296,track,0.0
1030252,WF,2,18310.0,23.053427167368362,14.920565885654664,6720.8293535308085,track,0.0
1030252,WF,2,18310.0,22.951191778783524,15.524091658741321,138.12663352974565,track,0.0
1030252,WF,2,18310.0,19.0483242425826,10.85456805390855,227.97690964141353,track,0.0
1030252,WF,2,18310.0,19.628902872555752,11.760064821660627,332.2841951050798,track,0.0
1030252,WF,2,18310.0,21.81131616643797,14.34098294328266,1668.4782031570717,track,0.0
1030252,WF,2,18310.0,26.430318340478337,18.738910434182483,420.46251395373736,track,0.0
1030252,WF,2,18310.0,24.381450350220103,16.474963328041,1502.8967073605397,track,0.0
1030410,WF,2,19294.0,3.6861979063159227,0.0884603230850821,126.7654868172252,tertiary,1.0
1030410,WF,2,19294.0,5.507418174746296,0.4495128317607239,41.91726991565122,steps,1.0
1030410,WF,2,19294.0,6.093457936226502,2.3207163674247977,901.885609727415,track,1.0
1030410,WF,2,19294.0,5.593445765031972,0.9929565929163625,148.22649090718687,track,0.0
1030410,WF,2,19294.0,5.904525358248673,0.36078740928855163,72.12132534511917,residential,1.0
1030410,WF,2,19294.0,3.406222899597281,0.052185721411338655,22.065780378754283,residential,1.0
1030410,WF,2,19294.0,5.764117205214788,0.12159931190563912,114.05002867920929,track,1.0
1030410,WF,2,19294.0,5.821492257743925,0.44776571083726147,36.6223356011946,residential,1.0
1030410,WF,2,19294.0,3.1712230927242384,1.514448737391822,659.724770876334,track,1.0
1030410,WF,2,19294.0,6.63276837043889,0.31407702150481126,1127.4829460183446,track,0.917213589148296
1030410,WF,2,19294.0,4.507103925626388,0.7282983751097871,1156.8757387799626,track,1.0
1030410,WF,2,19294.0,5.451371459763436,0.8413541641398574,2511.3193598012676,path,1.0
1030410,WF,2,19294.0,3.2733208133770666,1.4649690009243967,345.1236563889392,track,1.0
1030410,WF,2,19294.0,4.571122335126054,1.7697876527618255,1264.1351143500224,path,1.0
1030410,WF,2,19294.0,5.836900009989048,0.4133643828216036,78.02981115376063,service,1.0
1030410,WF,2,19294.0,3.44894249353776,0.29402424389655385,141.5460031721826,track,0.0
1030410,WF,2,19294.0,6.237662098413888,0.2777605896831271,1045.1703598672525,track,1.0
1030410,WF,2,19294.0,2.132616750414649,0.822707208296545,377.71038161602485,track,1.0
1030410,WF,2,19294.0,3.2392181705999774,0.18368844631393028,287.62041702945527,track,1.0
1030410,WF,2,19294.0,5.9826388456652735,0.6730967638047326,2162.730877537616,track,1.0
1030410,WF,2,19294.0,5.013659334479863,1.2193499725759063,1062.7525520917602,track,1.0
1030410,WF,2,19294.0,6.99764077888295,0.4850526841594718,399.5260262523206,path,1.0
1030410,WF,2,19294.0,2.607468557908529,0.07811460493564155,1030.8491337296828,track,0.3750090384213174
1030410,WF,2,19294.0,2.054901754179552,1.5473657357283281,913.3867033626993,track,1.0
1030410,WF,2,19294.0,4.0833619957971505,1.1725761615459764,5569.274128590413,track,0.8807945742651703
1030410,WF,2,19294.0,5.374466100129915,0.7226711971068814,1164.4186920989123,path,1.0
1030410,WF,2,19294.0,6.586544335607885,1.3572418509401978,243.4526412190297,track,0.0
1030410,WF,2,19294.0,6.186644020804467,0.029917688820453932,938.2800798894544,path,0.695325112649942
1030410,WF,2,19294.0,5.227360644104336,0.08986559480593662,1172.9561089651609,path,0.2502408357439594
1030410,WF,2,19294.0,1.864224352984301,0.661213603152447,702.716495666643,path,1.0
1030410,WF,2,19294.0,5.41651205714527,0.9275775024713603,1305.0097458325588,path,1.0
1030410,WF,2,19294.0,5.1519990028740725,0.8158933316363901,434.199591612983,track,1.0
1030410,WF,2,19294.0,4.627229058432581,0.8960111527368616,299.8847529049546,track,1.0
1030410,WF,2,19294.0,5.498221361153109,0.7978602239562163,1051.3869372528418,path,1.0
1030410,WF,2,19294.0,5.550325614757102,0.3767258549454029,484.83492392042393,path,1.0
1030410,WF,2,19294.0,5.706662224734917,0.6756360868018625,384.5831265545204,track,1.0
1030410,WF,2,19294.0,6.453773449696845,2.478455958982973,832.5209886740374,track,0.0
1030410,WF,2,19294.0,6.107568255863141,0.0328730808310376,133.50314563460253,path,0.0
1030410,WF,2,19294.0,2.8924640452791386,1.2962059725727497,21.707281683165355,track,1.0
1030410,WF,2,19294.0,2.4272879379822156,0.6201970883874834,2697.9198163258707,track,0.7821603544267136
1030410,WF,2,19294.0,7.010845724501232,0.6534968607501567,1825.7094140563988,tertiary,0.11859597542877061
1030410,WF,2,19294.0,7.186266011936313,0.02022100988777444,3716.1677438738934,path,0.6024213309907016
1030410,WF,2,19294.0,6.3305361533697875,0.7912393282478366,206.99538810898645,track,1.0
1030410,WF,2,19294.0,5.016361912529685,0.6285543690579927,79.75187485141755,track,0.0
1030410,WF,2,19294.0,5.854339374839318,0.3801686506758467,33.38857802586024,residential,1.0
1030410,WF,2,19294.0,3.487689087656606,0.06573225456557479,66.69792198951052,residential,1.0
1030410,WF,2,19294.0,4.381814885498393,0.18465014444087477,2432.031902327067,track,0.8257650013780666
1030410,WF,2,19294.0,4.48021760968298,0.8048998261941032,1403.8010343273954,path,1.0
1030410,WF,2,19294.0,5.267203804613317,0.9071933349759241,3322.2064421091777,secondary,1.0
1030410,WF,2,19294.0,5.7519640608628855,0.003636786272894931,548.7072297864459,track,0.11937246442168217
1030410,WF,2,19294.0,24.604471028618534,14.545891295105424,183.22383694448604,track,0.0
1030410,WF,2,19294.0,28.994847049538777,19.41509778282264,4187.997759181288,track,0.0
1030410,WF,2,19294.0,19.682274260062623,9.669336887382263,330.1131520211201,path,0.0
1030410,WF,2,19294.0,22.487767854889093,12.633867950958653,854.3981773677948,track,0.0
1030410,WF,2,19294.0,22.09987641760581,11.753395117765528,141.94935892007123,primary,0.0
1030410,WF,2,19294.0,25.682764257093677,16.16111742001124,5670.181109031046,track,0.0
1030410,WF,2,19294.0,20.977031073796592,11.375076133091989,160.2459374640499,residential,0.0
1030410,WF,2,19294.0,19.82418157610697,9.2871894152512,70.7344635402339,track,0.0
1030410,WF,2,19294.0,24.327005935936526,13.785415537137958,441.9321479550976,service,0.0
1030410,WF,2,19294.0,25.08016913148591,15.55106530533092,412.87705297676064,unclassified,0.0
1030410,WF,2,19294.0,23.162354710906776,13.143467285428573,196.21547884380803,track,0.0
1030410,WF,2,19294.0,22.233506654605968,11.897480067903953,307.40003138121,residential,0.0
1030410,WF,2,19294.0,26.963424235005828,16.511396253203934,1453.1742581751307,track,0.0
1030410,WF,2,19294.0,25.287638805434536,15.731715415711008,60.88797721759368,track,0.0
1030410,WF,2,19294.0,25.29879432564636,15.768137728253336,25.11666544572831,unclassified,0.0
1030410,WF,2,19294.0,26.81587949099601,16.310703643010218,20.46067842833247,track,0.0
1030410,WF,2,19294.0,24.7395452052987,15.143266824653164,1599.0983081425027,track,0.0
1030410,WF,2,19294.0,24.98345435399312,15.213775524950938,393.5088441988113,path,0.0
1030410,WF,2,19294.0,23.352126069201972,13.050421767874765,387.40640410193174,track,0.0
1030410,WF,2,19294.0,20.51798056084532,10.911480615073275,111.57531389765327,residential,0.0
1030410,WF,2,19294.0,26.38100061830356,16.16879613503886,70.13333666900719,track,0.0
1030410,WF,2,19294.0,21.159239539127626,10.595294424921093,68.95087515599052,track,0.0
1030410,WF,2,19294.0,22.392938614376163,12.049461856731675,122.17680240272661,residential,0.0
1030410,WF,2,19294.0,30.492521364607423,20.94545772602779,237.89835415537064,residential,0.0
1030410,WF,2,19294.0,26.978282281454614,16.77130359161739,600.0191366899123,track,0.0
1030410,WF,2,19294.0,22.432062854034367,12.851640752851978,159.32502521002849,track,0.0
1030410,WF,2,19294.0,25.76304890028188,16.264998502899346,65.7749661624707,track,0.0
1030410,WF,2,19294.0,21.867248189369743,11.528188601657703,135.5327001494064,service,0.0
1030410,WF,2,19294.0,23.00442402879996,13.488149927279144,2379.741281007069,track,0.0
1030410,WF,2,19294.0,20.702150621136056,10.945122847495337,191.04725113456843,track,0.0
1030410,WF,2,19294.0,30.41018429903174,20.872120384382733,94.87253792389868,residential,0.0
1030410,WF,2,19294.0,23.69972661433375,13.458958135312816,940.6744419937238,track,0.0
1030410,WF,2,19294.0,25.076675778810745,15.26833126559108,63.3790673594795,track,0.0
1030410,WF,2,19294.0,22.809171594130806,12.406506122781064,474.310193152903,path,0.0
1030410,WF,2,19294.0,22.13405314733698,11.770046217904119,14.99355885491185,service,0.0
1030410,WF,2,19294.0,22.426270374817943,12.021281898703277,95.9442856517526,primary,0.0
1030410,WF,2,19294.0,28.025558129673314,17.7891703711952,46.8894457484156,track,0.0
1030410,WF,2,19294.0,27.254885244688786,17.366703049499563,120.99076372025824,track,0.0
1030410,WF,2,19294.0,21.599688762817003,11.179387179149208,11.628865354472817,path,0.0
1030410,WF,2,19294.0,26.84772137642374,16.85012405727418,558.4859926726813,path,0.0
1030410,WF,2,19294.0,21.631799617529055,11.212266813046712,61.75058856424391,residential,0.0
1030410,WF,2,19294.0,19.827159443173493,10.18069280430926,496.4478521112202,track,0.0
1030410,WF,2,19294.0,24.754369370665778,14.677203037597891,155.6252115896284,unclassified,0.0
1030410,WF,2,19294.0,26.414728787529558,16.400580715769074,333.11082042020325,path,0.0
1030410,WF,2,19294.0,21.868268373706783,11.533773693949206,181.49294962545477,residential,0.0
1030410,WF,2,19294.0,21.798385323687995,11.449151145092708,47.999456163298355,residential,0.0
1030410,WF,2,19294.0,29.44818160088484,19.949438590254104,64.67852293560358,track,0.0
1030410,WF,2,19294.0,29.892792281414998,20.397790230057797,491.4034997416016,path,0.0
1030410,WF,2,19294.0,23.11594716099256,13.248372885213646,113.06015281951767,path,0.0
1030410,WF,2,19294.0,30.003058574388938,19.562805053259556,1208.4016220016015,track,0.0
1030534,WF,2,6356.0,2.8628235980326213,0.7015915512232446,10.494558059774683,primary,1.0
1030534,WF,2,6356.0,0.9268533781381219,2.363242891258373,59.642034981417964,path,1.0
1030534,WF,2,6356.0,3.9224284586974174,0.2621742344791527,85.5995984256917,track,1.0
1030534,WF,2,6356.0,1.7318350602766146,0.9555682112505984,30.993915595369376,primary,1.0
1030534,WF,2,6356.0,2.8607773861870682,0.7269487046995301,25.60138914511959,service,1.0
1030534,WF,2,6356.0,1.3405509280360128,1.3910526769620877,50.89862831682495,primary,1.0
1030534,WF,2,6356.0,4.070011789088218,0.27643994999958466,53.40377975930035,secondary,1.0
1030534,WF,2,6356.0,3.100255701709769,0.24305742637450034,141.1901612604189,path,1.0
1030534,WF,2,6356.0,2.868507913287016,0.668709066726265,16.18878814442993,cycleway,1.0
1030534,WF,2,6356.0,2.28821922373413,1.0821598711846236,8.538836707045748,track,1.0
1030534,WF,2,6356.0,3.608124236659061,0.6031114498950906,724.4599197069231,track,1.0
1030534,WF,2,6356.0,4.258448311226153,0.8039258494945981,151.84768882279027,track,0.0
1030534,WF,2,6356.0,3.79327194461618,0.4112379185237984,145.8449525851186,path,1.0
1030534,WF,2,6356.0,4.797194154795049,1.7395669355337018,324.5964615956,track,0.0
1030534,WF,2,6356.0,2.663041800223285,0.7556612288165635,760.4731705603818,path,1.0
1030534,WF,2,6356.0,1.267948943135691,1.349590521805502,44.15296292981801,footway,1.0
1030534,WF,2,6356.0,3.005909826038893,0.6367184712409517,204.3109678400184,service,1.0
1030534,WF,2,6356.0,4.715048855801877,0.4777627854730032,358.6687986828494,track,0.0
1030534,WF,2,6356.0,1.516562216329565,2.0167239170952582,368.8154760991758,track,1.0
1030534,WF,2,6356.0,2.565894577358474,1.00573869959248,455.2261042688912,path,1.0
1030534,WF,2,6356.0,1.6988529244234896,2.0607010165699133,508.16297950728375,path,1.0
1030534,WF,2,6356.0,4.651235433664416,0.6033420060126411,656.3836922694476,path,1.0
1030534,WF,2,6356.0,3.3008808350794485,0.7715741796517259,321.4572730437628,track,0.0
1030534,WF,2,6356.0,3.4729368880696883,1.7700502631505621,6.392910344193933,track,1.0
1030534,WF,2,6356.0,4.3026956179496825,0.16160010996574056,729.7424252811035,path,0.9385319310321328
1030534,WF,2,6356.0,2.753190652096986,2.6680446476351025,4.966312672428439,track,1.0
1030534,WF,2,6356.0,1.6598774408740444,0.919263186327825,63.081947720193035,service,1.0
1030534,WF,2,6356.0,3.805799288702656,0.03108420672069523,791.2949659955278,track,0.7877443555939205
1030534,WF,2,6356.0,3.154781380328322,0.2681542039115309,215.83982959110273,track,0.0
1030534,WF,2,6356.0,4.590981158260401,0.18246637409760716,606.2060516078177,track,0.05305539541907358
1030534,WF,2,6356.0,2.777952006006587,0.152139684297458,10.73886763988773,path,0.0
1030534,WF,2,6356.0,1.467544655976578,1.034706052978677,588.04252811828,path,1.0
1030534,WF,2,6356.0,3.757250976591799,0.9529458255265624,403.877877043295,path,0.0
1030534,WF,2,6356.0,2.351838438776918,0.31671928665136384,229.29382396065108,track,1.0
1030534,WF,2,6356.0,2.952147796180441,0.6921009325295843,10.91841071719465,secondary,1.0
1030534,WF,2,6356.0,0.789522580164435,1.7223385447606585,51.34638654679466,path,1.0
1030534,WF,2,6356.0,2.2950078023875977,0.25640194964166424,11.71318725980655,path,1.0
1030534,WF,2,6356.0,1.924176144553707,1.5981167147617383,2011.0972930183757,primary,1.0
1030534,WF,2,6356.0,3.0053734072903717,0.6959323585528784,21.218889679453977,secondary,1.0
1030534,WF,2,6356.0,3.054099277962761,0.26976879296340783,35.27176208080249,path,1.0
1030534,WF,2,6356.0,2.8810220518711125,0.7112062979367305,13.123976544527986,service,1.0
1030534,WF,2,6356.0,3.977643574268236,0.8266954714145168,378.221457001912,track,0.0
1030534,WF,2,6356.0,2.5840658668899104,0.03278104234890932,6.659791125884168,path,1.0
1030534,WF,2,6356.0,2.777758250456719,2.871481877597333,295.2002785245261,track,1.0
1030534,WF,2,6356.0,2.869820403484502,0.7086669411573652,30.935712103311953,primary,1.0
1030534,WF,2,6356.0,3.619591958641243,0.7498585379465958,188.39244095344642,track,0.0
1030534,WF,2,6356.0,2.8951700578839077,0.6736970554665385,28.56838472000963,primary,1.0
1030534,WF,2,6356.0,2.8079514515832584,0.8786920083627001,2.831379998044888,path,1.0
1030534,WF,2,6356.0,3.6592231392798467,0.7786743923083898,24.988560911798817,path,0.0
1030534,WF,2,6356.0,3.8734508010387945,1.0124158445763336,176.18692544512805,track,0.0
1030534,WF,2,6356.0,16.972492268653646,17.15645164027215,675.0348681430585,track,0.0
1030534,WF,2,6356.0,13.914679917936848,12.46656634436903,12.431231522920394,path,0.0
1030534,WF,2,6356.0,14.165922981765693,12.692854324472341,20.143687504899567,service,0.0
1030534,WF,2,6356.0,11.954342776909385,9.511183394398767,14.739163418086017,footway,0.0
1030534,WF,2,6356.0,15.83624806290822,15.342442079987467,299.61945737005607,track,0.0
1030534,WF,2,6356.0,12.289032591237405,9.37220433594677,1121.256043665072,track,0.0
1030534,WF,2,6356.0,13.62453589491358,11.913083012776559,30.733295142181092,track,0.0
1030534,WF,2,6356.0,10.6473122913973,7.013518022820867,49.56439922237947,service,0.0
1030534,WF,2,6356.0,12.490735176389514,10.23447769294595,53.154414496103186,service,0.0
1030534,WF,2,6356.0,12.133333519328987,9.776358787893097,27.4625917886279,path,0.0
1030534,WF,2,6356.0,11.407776541953265,8.065361495435573,281.9747050907822,track,0.0
1030534,WF,2,6356.0,13.51520252390237,11.669982129652464,536.7352497524304,path,0.0
1030534,WF,2,6356.0,15.262975278611835,13.872051819152855,99.03331501168424,track,0.0
1030534,WF,2,6356.0,14.947083386847941,13.864063010101352,6.892422789692382,track,0.0
1030534,WF,2,6356.0,12.261546396928379,9.871674785154603,110.42957900213203,track,0.0
1030534,WF,2,6356.0,14.162051310169447,12.688744578589738,12.03670372565275,service,0.0
1030534,WF,2,6356.0,16.033844066356085,15.747527996307802,2685.388590607747,track,0.0
1030534,WF,2,6356.0,15.702414923725476,15.177752028687477,30.421023927880377,path,0.0
1030534,WF,2,6356.0,15.136795762495197,14.270938590437193,410.7394357090863,service,0.0
1030534,WF,2,6356.0,11.0987722114998,8.218793578790246,7.150644496574134,service,0.0
1030534,WF,2,6356.0,12.222025202232649,9.871237586471679,225.54665007442597,track,0.0
1030534,WF,2,6356.0,11.909946396662129,9.428328373332967,439.5349725744369,residential,0.0
1030534,WF,2,6356.0,15.86192103181901,15.470533410625888,121.82728121729113,track,0.0
1030534,WF,2,6356.0,10.405059696752183,7.215526539512591,203.0068627271271,path,0.0
1030534,WF,2,6356.0,11.603931844174477,8.919066053731461,22.66101894692388,service,0.0
1030534,WF,2,6356.0,11.605778797831015,8.928322306266587,388.18317860637,path,0.0
1030534,WF,2,6356.0,11.720417291394753,9.161098535379619,57.501611617852575,residential,0.0
1030534,WF,2,6356.0,14.174616074874134,12.865920355549592,16.229390705898425,track,0.0
1030534,WF,2,6356.0,10.181633853216354,6.437903538651011,21.13032347202448,service,0.0
1030534,WF,2,6356.0,11.801801532710082,9.281495261412024,273.4408590754753,path,0.0
1030534,WF,2,6356.0,12.406566305041148,10.156547348060046,66.81064524165254,primary,0.0
1030534,WF,2,6356.0,10.940392437910997,8.08013038071093,60.15592050122361,service,0.0
1030534,WF,2,6356.0,14.0438716513941,12.664080898147494,12.030485255547873,path,0.0
1030534,WF,2,6356.0,14.422746317639644,13.124181681739358,627.4405817115132,residential,0.0
1030534,WF,2,6356.0,16.949683513370896,17.070881622920997,33.704340487440675,path,0.0
1030534,WF,2,6356.0,14.54667326508503,13.43005238426124,14.816526137604976,path,0.0
1030534,WF,2,6356.0,14.92275776528872,13.824751231828674,10.329142001511023,track,0.0
1030534,WF,2,6356.0,13.347234123695493,11.461000300269431,60.62478104871901,service,0.0
1030534,WF,2,6356.0,12.626563717893788,10.434605951985072,170.05597228597367,tertiary,0.0
1030534,WF,2,6356.0,11.426879142865154,8.722123378406431,102.89389095266657,path,0.0
1030534,WF,2,6356.0,14.017998338318472,12.620144171723737,109.21227963769373,track,0.0
1030534,WF,2,6356.0,12.224544246357274,9.892570345565488,3.361532988904437,steps,0.0
1030534,WF,2,6356.0,11.454887748276267,8.77941783365437,10.476448958410943,residential,0.0
1030534,WF,2,6356.0,13.100459958049335,11.11618862631548,40.27793694686912,service,0.0
1030534,WF,2,6356.0,11.610393621451117,8.734997482704301,942.9092753553646,track,0.0
1030534,WF,2,6356.0,12.450373159480684,10.154871787169943,42.57694009935515,service,0.0
1030534,WF,2,6356.0,12.435541078311674,10.143083426882976,3.3489654227351617,footway,0.0
1030534,WF,2,6356.0,11.912079217925845,9.437844853117278,23.591656725161428,primary,0.0
1030534,WF,2,6356.0,12.933372177180313,10.974362089731756,313.2961730685568,service,0.0
1030534,WF,2,6356.0,11.414958104789621,8.646652717975714,3.6859351782976204,service,0.0
1558059,EQ,3,7.7,111.76698929060896,11.70678858372887,175.44391242708963,residential,0.0
1558059,EQ,3,7.7,114.40059611441866,14.37136949695109,68.30950396295444,track,0.0
1558059,EQ,3,7.7,109.25323446747738,9.17218940785647,1623.0921042413866,tertiary,0.0
1558059,EQ,3,7.7,107.5683509352165,7.472911210994007,1485.2931299239535,unclassified,0.0
1558059,EQ,3,7.7,106.55396834569991,6.458455088131777,1904.4778991144146,unclassified,0.0
1558059,EQ,3,7.7,114.28161333821589,14.25107105451031,215.80546512679913,track,0.0
1558059,EQ,3,7.7,111.10954430792849,11.033947342921666,15.612110781089315,unclassified,0.0
1558059,EQ,3,7.7,113.34682949089066,13.308201811306555,2630.288871275224,residential,0.0
1558059,EQ,3,7.7,105.76086210261397,5.654109836731418,202.2941835134151,residential,0.0
1558059,EQ,3,7.7,110.5936975815667,10.526874978695577,89.34947698040655,residential,0.0
1558059,EQ,3,7.7,110.99751557154998,10.921320994707553,312.33839355689804,residential,0.0
1558059,EQ,3,7.7,108.99869335048373,8.875143452135788,5142.102715287614,unclassified,0.0
1558059,EQ,3,7.7,110.82715997496818,10.760817701293341,175.4492661334781,residential,0.0
1558059,EQ,3,7.7,114.36964924419324,14.340800496062718,97.1757287132576,unclassified,0.0
1558059,EQ,3,7.7,111.86337379539127,11.804773855752146,142.5436444603622,residential,0.0
1558059,EQ,3,7.7,112.36018388204134,12.308487196026867,129.37374564027348,path,0.0
1558059,EQ,3,7.7,112.15556998747896,12.095245243364726,57.71858865901298,living_street,0.0
1558059,EQ,3,7.7,113.13296968038284,13.076291837313432,594.9173595917932,unclassified,0.0
1558059,EQ,3,7.7,107.69342854791105,7.609701392403216,108.132117732102,residential,0.0
1558059,EQ,3,7.7,105.83225196579517,5.723436026524523,2445.657922268716,unclassified,0.0
1558059,EQ,3,7.7,107.74873185239726,7.665372437242584,1039.1553297870273,tertiary,0.0
1558059,EQ,3,7.7,113.96729359364535,13.933847045787019,121.354983630963,residential,0.0
1558059,EQ,3,7.7,108.69855466948829,8.618511883625102,181.1839166095213,residential,0.0
1558059,EQ,3,7.7,107.92783393540132,7.845558485264418,1285.5061017708983,tertiary,0.0
1558059,EQ,3,7.7,108.76461059485638,8.68484893377493,102.32421304534667,residential,0.0
1558059,EQ,3,7.7,105.77364981384792,5.666497840867749,129.28985516069685,residential,0.0
1558059,EQ,3,7.7,113.01111405340363,12.948135228394177,4402.6761475633675,track,0.0
1558059,EQ,3,7.7,111.9696691314804,11.909599291428284,17.38478539415355,unclassified,0.0
1558059,EQ,3,7.7,107.5762886311977,7.491044446675131,573.1983324930151,residential,0.0
1558059,EQ,3,7.7,111.08269875077377,11.006244317023043,97.18465391766328,unclassified,0.0
1558059,EQ,3,7.7,112.6118177444466,12.557978647635405,1573.1958160124634,unclassified,0.0
1558059,EQ,3,7.7,112.32998843174536,12.279037468607198,1667.1437616184578,unclassified,0.0
1558059,EQ,3,7.7,106.49261277441134,6.388658032401983,134.0274279195897,tertiary,0.0
1558059,EQ,3,7.7,108.70483915136823,8.623561361565319,80.44757912707385,residential,0.0
1558059,EQ,3,7.7,112.04738068515931,11.989369285655123,348.32079007609104,residential,0.0
1558059,EQ,3,7.7,108.6507375316675,8.570132692947114,157.0235771212687,residential,0.0
1558059,EQ,3,7.7,105.82146173239522,5.706291962772764,1647.666945224567,tertiary,0.0
1558059,EQ,3,7.7,111.64085871907032,11.571974799930889,1358.417991974666,unclassified,0.0
1558059,EQ,3,7.7,106.797547070533,6.6965216921647785,121.83999836509696,residential,0.0
1558059,EQ,3,7.7,107.81906924445971,7.737260896112277,60.889933633500185,residential,0.0
1558059,EQ,3,7.7,108.94794502960858,8.850638877149912,33.976518436937354,unclassified,0.0
1558059,EQ,3,7.7,108.92768802264067,8.830258532479451,6.932189339110675,unclassified,0.0
1558059,EQ,3,7.7,111.12345191936093,11.047511290778013,44.34887750684849,unclassified,0.0
1558059,EQ,3,7.7,107.9351609189302,7.811679578625374,2688.661615091958,unclassified,0.0
1558059,EQ,3,7.7,108.73836909157912,8.659464483334217,129.1711922955704,residential,0.0
1558059,EQ,3,7.7,108.69438570271834,8.58367451947795,226.7574219797149,residential,0.0
1558059,EQ,3,7.7,110.77799021121749,10.711376905563315,54.042384374416756,residential,0.0
1558059,EQ,3,7.7,113.88199379470811,13.849164925402963,192.7120592811527,residential,0.0
1558059,EQ,3,7.7,106.86572076313796,6.765171506770874,107.80099607994144,residential,0.0
1558059,EQ,3,7.7,111.96954036547619,11.908293228319831,147.5824907457874,residential,0.0
1557236,EQ,3,7.4,6.9445419746849355,93.11316129544254,10624.248527252596,tertiary,1.0
1557236,EQ,3,7.4,3.5120501490168645,96.80132210858137,12494.135605434898,tertiary,1.0
1557236,EQ,3,7.4,5.583288258415505,94.39905807265504,112.62624167161003,tertiary,1.0
1557236,EQ,3,7.4,6.807880919963539,93.3949297582545,1485.20706988856,track,1.0
1557236,EQ,3,7.4,5.647964214030574,94.33784182825514,42.30886031139377,tertiary,1.0
1557236,EQ,3,7.4,5.666245294975408,94.32134511027878,43.74820518411819,tertiary,1.0
1557236,EQ,3,7.4,5.521615947927697,94.45665569050989,464.0818153314487,tertiary,1.0
1557236,EQ,3,7.4,5.62586139162959,94.35657269185612,50.52906463019603,tertiary,1.0
1557236,EQ,3,7.4,6.953685909601585,93.09066726962052,6627.949439449717,track,1.0
1557236,EQ,3,7.4,6.123021231393973,94.02937294058204,44.775462463954,bridleway,1.0
1557236,EQ,3,7.4,6.135403041684857,94.015292141239,26.980721904805378,bridleway,1.0
1557236,EQ,3,7.4,5.877630929290172,94.34213152293219,1225.9883657286189,track,1.0
1557236,EQ,3,7.4,5.04331312789959,94.97734421348838,2751.6702404891053,track,1.0
1557236,EQ,3,7.4,4.760638771712103,95.21483854522072,2441.3395836066125,tertiary,1.0
1557236,EQ,3,7.4,4.038545434143988,95.96019896426262,9.390676220469173,tertiary,1.0
1557236,EQ,3,7.4,112.44660780647077,12.28446404625665,2759.392424512009,primary,0.0
1557236,EQ,3,7.4,112.89716217108295,12.692691553071633,349.14884121491133,primary,0.0
1557236,EQ,3,7.4,109.76462430173798,9.539688327934599,9.480572520091977,primary,0.0
1557236,EQ,3,7.4,109.05406766977498,8.82931719476499,1758.03675801848,primary,0.0
1557236,EQ,3,7.4,110.50057267538449,10.278666615322658,2467.1600150026898,primary,0.0
1557236,EQ,3,7.4,112.1296156870452,11.90669385593578,16.886501451014066,primary,0.0
1557236,EQ,3,7.4,112.40684181799266,12.195109442386125,1661.034935947353,primary,0.0
1557236,EQ,3,7.4,112.9433661340954,12.735713358979815,10.968258730620235,primary,0.0
1557236,EQ,3,7.4,112.52093752691886,12.338668158292002,15.781157527356513,primary,0.0
1557236,EQ,3,7.4,106.33012815737723,6.104103872907089,809.0322050543945,primary,0.0
1557236,EQ,3,7.4,112.94789220785225,12.740599570964926,63.31053485578322,primary,0.0
1557236,EQ,3,7.4,112.91671203983002,12.71065763327816,229.66923886471872,primary,0.0
1557236,EQ,3,7.4,113.00403743753793,12.80229424298493,2346.340346370316,primary,0.0
1557236,EQ,3,7.4,112.51535076341784,12.332447996953883,51.37230145645077,primary,0.0
1557236,EQ,3,7.4,112.66821344157542,12.490758350284528,657.0167611487549,primary,0.0
1557236,EQ,3,7.4,111.5219323832231,11.298130824665517,12.18824904466296,primary,0.0
1557236,EQ,3,7.4,111.83158792013313,11.608271709332646,662.1149780689581,primary,0.0
1557236,EQ,3,7.4,107.40894041576844,7.253454225869738,3301.8247400088876,unclassified,0.0
1557236,EQ,3,7.4,107.55285148152537,7.327972912342462,2017.1083058661059,primary,0.0
1557236,EQ,3,7.4,108.45102156576905,8.22007198601374,9.269836535051247,primary,0.0
1001297,TC,2,268.5168,20.585265023759998,4258.958840918142,97.27210566183062,tertiary,0.0
1001297,TC,2,268.5168,21.15005616890847,4259.246475869756,456.3284941665087,trunk,0.0
1001297,TC,2,268.5168,14.07385622367574,4267.303215809687,29.278944072316595,trunk,0.0
1001297,TC,2,268.5168,12.4727818720499,4262.5743621952315,408.3710130332995,unclassified,0.0
1001297,TC,2,268.5168,14.269071537019066,4270.020985862485,581.6152146655432,unclassified,0.0
1001297,TC,2,268.5168,19.821350089886156,4264.985790692729,69.94995635843576,primary,0.0
1001297,TC,2,268.5168,20.426425686799202,4262.166891919815,698.3041769180114,unclassified,0.0
1001297,TC,2,268.5168,22.670603815190983,4268.275464417843,98.9301059505865,trunk,0.0
1001297,TC,2,268.5168,20.16039400689908,4266.544479442654,49.9760496043554,trunk,0.0
1001297,TC,2,268.5168,15.378326585886384,4265.965548554492,122.75068293752568,unclassified,0.0
1001297,TC,2,268.5168,12.49745895675564,4267.673724926914,849.1075491291915,unclassified,0.0
1001297,TC,2,268.5168,18.420649110753306,4268.963765432212,477.99045076037646,tertiary,0.0
1001297,TC,2,268.5168,15.915179684380158,4265.457734445345,11.25535397402616,tertiary,0.0
1001297,TC,2,268.5168,20.80642040685304,4266.741868428338,62.60745894857679,trunk,0.0
1001297,TC,2,268.5168,12.23882830799181,4267.357507406655,155.68307823878396,unclassified,0.0
1001297,TC,2,268.5168,12.275095051097244,4269.393842632231,167.9108915555384,unclassified,0.0
1001297,TC,2,268.5168,18.09374001822853,4263.738915983513,159.0427916675548,primary,0.0
1001297,TC,2,268.5168,21.164386726238888,4258.365863298409,77.36160669825432,unclassified,0.0
1001297,TC,2,268.5168,19.616499838991828,4263.185298284727,774.2530107248286,tertiary,0.0
1001297,TC,2,268.5168,14.264823497805066,4267.439581576363,28.996153251600667,tertiary,0.0
1001297,TC,2,268.5168,12.340975170027981,4261.681351286391,464.39181946962304,unclassified,0.0
1001297,TC,2,268.5168,13.709387111166633,4262.2829110857365,561.3785007787836,secondary,0.0
1001297,TC,2,268.5168,14.620582265520287,4264.018250623656,182.1790181405962,tertiary,0.0
1001297,TC,2,268.5168,17.27262771437236,4262.3434487710565,389.4102540377085,unclassified,0.0
1001297,TC,2,268.5168,15.12285011453913,4259.999697090425,387.49156637999795,unclassified,0.0
1001297,TC,2,268.5168,14.151569707668878,4261.423698939832,1131.416986750751,secondary,0.0
1001297,TC,2,268.5168,14.28000404642945,4264.895732285589,134.1374315030858,tertiary,0.0
1001297,TC,2,268.5168,14.967453493642557,4266.491516791196,49.70164718523451,tertiary,0.0
1001297,TC,2,268.5168,18.50047755522076,4268.825322824687,620.6386297575862,secondary,0.0
1001297,TC,2,268.5168,12.786489994845018,4271.020460758439,988.9427325206526,tertiary,0.0
1001297,TC,2,268.5168,19.829114611675408,4266.797477606591,794.9978278268021,tertiary,0.0
1001297,TC,2,268.5168,17.18567910608605,4262.011881455255,766.427823498352,unclassified,0.0
1001297,TC,2,268.5168,14.194892808338931,4269.264909952017,1079.528376929626,unclassified,0.0
1001297,TC,2,268.5168,13.661902577147616,4265.643381967382,23.611200885598564,tertiary,0.0
1001297,TC,2,268.5168,12.864107450913936,4270.487865221488,206.31273270612093,unclassified,0.0
1001297,TC,2,268.5168,19.658248233566702,4263.382429168085,0.5529877970613786,unclassified,0.0
1001297,TC,2,268.5168,14.467983158291394,4263.552771518443,317.2371423951484,tertiary,0.0
1001297,TC,2,268.5168,19.163267121552224,4263.979386987836,29.310036301977647,unclassified,0.0
1001297,TC,2,268.5168,18.346583860613197,4267.696744746324,101.44504803798873,unclassified,0.0
1001297,TC,2,268.5168,16.51380613695044,4264.675668212578,200.6309774746852,unclassified,0.0
1001297,TC,2,268.5168,16.76779301921653,4264.492186461522,300.1707297898418,unclassified,0.0
1001297,TC,2,268.5168,19.593033760613764,4263.512681838168,201.04803235072356,unclassified,0.0
1001297,TC,2,268.5168,13.36407324239392,4266.55176184866,1847.3992675745956,secondary,0.0
1001297,TC,2,268.5168,22.04684159727363,4262.030405786496,9.040340518840658,unclassified,0.0
1001297,TC,2,268.5168,16.82329721554137,4262.271881424391,898.2586972779869,service,0.0
1001297,TC,2,268.5168,17.13088661325195,4262.849689468641,1672.900139796786,trunk,0.0
1001297,TC,2,268.5168,16.912289428175505,4267.330851168889,44.54027798758216,unclassified,0.0
1001297,TC,2,268.5168,15.488033160649346,4260.638784237184,237.4699744021253,unclassified,0.0
1001297,TC,2,268.5168,18.351409532748445,4261.406183832442,435.1847765126454,unclassified,0.0
1001297,TC,2,268.5168,12.941915500221326,4262.571997779394,204.54075455838404,unclassified,0.0
1029987,WF,2,18419.0,2.6046019790925894,0.4664473113747439,1646.2363676853543,track,0.0
1029987,WF,2,18419.0,5.38148506749312,0.005824033905866958,46.97574579876229,track,0.7504528090229392
1029987,WF,2,18419.0,4.428385229259669,0.8851519554628369,112.06551429413624,residential,1.0
1029987,WF,2,18419.0,4.799290599271168,0.8441458848162265,1085.4017514209079,tertiary,1.0
1029987,WF,2,18419.0,1.4391639470041586,0.41152754420373067,166.8415502856446,track,1.0
1029987,WF,2,18419.0,3.9829396673284054,0.7795851552127948,82.34165195552067,track,1.0
1029987,WF,2,18419.0,3.6098049224102446,0.301722507069861,535.6942617392142,unclassified,0.0
1029987,WF,2,18419.0,4.622835154080132,0.4827428920755841,98.40379888198406,residential,1.0
1029987,WF,2,18419.0,2.1576112852506597,2.4592868843989413,60.90601864368492,secondary,1.0
1029987,WF,2,18419.0,4.084851182552054,0.13059764415971012,42.2803641543417,residential,1.0
1029987,WF,2,18419.0,4.747612934741723,1.4702161975909644,222.22182971878516,track,1.0
1029987,WF,2,18419.0,3.692491874000335,0.6847912597341406,202.7499367655068,track,1.0
1029987,WF,2,18419.0,4.8061600312675585,0.745259962464959,72.89638026897295,residential,1.0
1029987,WF,2,18419.0,4.455009792764377,0.868871514612754,128.95646064977603,residential,1.0
1029987,WF,2,18419.0,4.3045163840062335,0.08197270446090854,51.11068103034729,residential,1.0
1029987,WF,2,18419.0,4.414041831481024,0.14835515988226075,33.75831051797662,tertiary,1.0
1029987,WF,2,18419.0,4.2392007047779225,1.3221754438106197,30.49585538348763,service,1.0
1029987,WF,2,18419.0,5.382763550200383,0.8797301455892977,291.0319455194053,residential,1.0
1029987,WF,2,18419.0,4.877112946691426,0.43324961968007214,178.738811354393,track,1.0
1029987,WF,2,18419.0,4.557223838023484,1.3279791527452747,1660.9492126328519,track,1.0
1029987,WF,2,18419.0,5.582362325773555,0.36029538443174003,364.8689314919871,residential,1.0
1029987,WF,2,18419.0,4.469551043719231,0.18626071041640993,114.60249631403137,tertiary,1.0
1029987,WF,2,18419.0,4.217147061107626,1.0652635221697273,495.27981456845566,track,1.0
1029987,WF,2,18419.0,5.414111066768095,0.26698618878655045,11.03865085717593,track,1.0
1029987,WF,2,18419.0,3.8112936992410824,0.47763126837182585,152.0577117978459,track,1.0
1029987,WF,2,18419.0,4.406859092613211,0.7897904515089319,8259.957113255772,secondary,0.5971576308738963
1029987,WF,2,18419.0,5.2133942597296095,0.7119033714597064,33.59548401087753,track,1.0
1029987,WF,2,18419.0,4.991450045745765,0.8632876691344429,61.15463313327157,residential,1.0
1029987,WF,2,18419.0,5.165530986670091,0.017492876940314612,349.3425603378855,track,0.5590472956107951
1029987,WF,2,18419.0,5.4854732742002215,0.5723607558148814,626.6955837999133,unclassified,1.0
1029987,WF,2,18419.0,4.851575797908082,0.9819715200814276,150.60568043888787,track,1.0
1029987,WF,2,18419.0,4.820740993191817,0.866343408585487,72.54352940095848,track,1.0
1029987,WF,2,18419.0,3.9211456432735554,0.6352507507926747,226.49672722577634,residential,1.0
1029987,WF,2,18419.0,7.069683580499228,1.4250964341750412,890.472866475654,track,1.0
1029987,WF,2,18419.0,3.8362123933727004,0.823528305521785,141.81882643130908,track,1.0
1029987,WF,2,18419.0,5.808686490076492,0.04846440619408061,528.057681806364,residential,0.6248362326090264
1029987,WF,2,18419.0,4.477549309384532,0.8069231817410738,54.38825324040509,track,1.0
1029987,WF,2,18419.0,3.815261076622616,1.9222312291527823,21.468616574637267,service,1.0
1029987,WF,2,18419.0,5.4726134850107915,1.2534979536871338,221.38157019905202,footway,1.0
1029987,WF,2,18419.0,5.025743547632327,0.7237004653967662,1453.2682507107247,track,1.0
1029987,WF,2,18419.0,5.860362787247333,0.6665754663997138,157.69435743194924,service,1.0
1029987,WF,2,18419.0,4.200075349033509,0.9391706228387298,102.70595295874507,track,1.0
1029987,WF,2,18419.0,5.410208438136003,0.5369123708559379,52.72423564206294,residential,1.0
1029987,WF,2,18419.0,4.792053524146233,0.6808529433180831,14.836801610736579,unclassified,1.0
1029987,WF,2,18419.0,3.553396581551139,0.12187391589031639,232.50353285576873,residential,0.0
1029987,WF,2,18419.0,3.4141701832888085,0.7172491038665535,113.60025741265089,service,1.0
1029987,WF,2,18419.0,3.992466741371011,0.20073272385753754,47.0914444127826,residential,1.0
1029987,WF,2,18419.0,4.373167866588644,0.8272209024670101,144.24685205879453,residential,1.0
1029987,WF,2,18419.0,3.6132039794596196,0.43905010242012116,8.59327158504894,unclassified,0.0
1029987,WF,2,18419.0,5.3199504493647,1.0522330709644157,28.580025568719172,service,1.0
1029987,WF,2,18419.0,25.817216409440114,19.043618211935183,126.92853868969443,track,0.0
1029987,WF,2,18419.0,25.884066907630128,19.122954420081474,142.75741886306034,track,0.0
1029987,WF,2,18419.0,26.613986672800916,20.029460913564115,41.56691726492065,track,0.0
1029987,WF,2,18419.0,26.253223762237894,19.620289768296168,30.57964223995325,track,0.0
1029987,WF,2,18419.0,24.564404624379254,17.69853606039595,41.37762270375043,path,0.0
1029987,WF,2,18419.0,23.03644784341502,14.604651151103539,192.97171632044092,footway,0.0
1029987,WF,2,18419.0,25.371979538427905,18.63512436411008,308.68847070002374,track,0.0
1029987,WF,2,18419.0,23.06830459558291,14.771408462406718,883.3888892275462,footway,0.0
1029987,WF,2,18419.0,24.557057892281048,17.69877284501164,58.70030370902305,track,0.0
1029987,WF,2,18419.0,26.844409203494166,20.173104215850685,780.3253691889687,unclassified,0.0
1029987,WF,2,18419.0,24.17611842175737,16.15185134689225,67.8988707082463,footway,0.0
1029987,WF,2,18419.0,25.931985277812217,19.172131993649575,33.43538128740536,track,0.0
1029987,WF,2,18419.0,27.093985240112755,20.48731530994699,572.1079643245853,track,0.0
1029987,WF,2,18419.0,24.563385780471386,17.72237232554286,88.24387143010631,track,0.0
1029987,WF,2,18419.0,24.639504768473735,17.810764913001897,52.74647462715566,track,0.0
1029987,WF,2,18419.0,25.6524389152801,18.857360258456893,36.63749380220122,track,0.0
1029987,WF,2,18419.0,25.443958755915343,18.65115889769293,657.935874071769,track,0.0
1029987,WF,2,18419.0,25.74630199561897,19.054835145751124,655.3359923391941,track,0.0
1029987,WF,2,18419.0,25.284762092482527,18.552885228968552,786.3623276155051,track,0.0
1029987,WF,2,18419.0,23.507158983438423,15.162260381866137,376.0784783530081,footway,0.0
1029987,WF,2,18419.0,26.745686270193076,20.257612315341504,1724.6190283297306,track,0.0
1029987,WF,2,18419.0,25.853316980818775,19.115776182036896,34.54435416925966,residential,0.0
1029987,WF,2,18419.0,26.127106724595397,19.43178453807908,308.1011163620321,track,0.0
1029987,WF,2,18419.0,25.541851404645513,18.745287997945216,25.592009360511792,track,0.0
1029987,WF,2,18419.0,25.47770714450115,18.715234878186955,37.075786038693,track,0.0
1029987,WF,2,18419.0,25.995988582582875,19.373088565759566,1310.9395720236394,track,0.0
1029987,WF,2,18419.0,25.869873511314186,19.11416562234544,81.50709867880369,track,0.0
1029987,WF,2,18419.0,24.477989747461223,17.579375481314173,226.89336917516823,path,0.0
1029987,WF,2,18419.0,25.449650544156043,18.671528173196734,66.93423599037376,residential,0.0
1029987,WF,2,18419.0,25.8887685658188,19.144855640907082,65.52160623835034,residential,0.0
1029987,WF,2,18419.0,24.635871919106712,17.77890021272176,186.35976085406224,path,0.0
1029987,WF,2,18419.0,25.68563237459878,18.904952040041206,155.11724330867443,track,0.0
1029987,WF,2,18419.0,24.578747206301525,17.741830295239836,46.952928678972654,track,0.0
1029987,WF,2,18419.0,24.467197709051458,17.62628074482549,91.25659010030584,track,0.0
1029987,WF,2,18419.0,25.501694135269926,18.72218932772395,72.52316404707851,track,0.0
1029987,WF,2,18419.0,24.762815850521896,17.971517798661928,440.6109334006292,track,0.0
1029987,WF,2,18419.0,25.702101906604803,18.93989618162047,49.879855684657656,track,0.0
1029987,WF,2,18419.0,25.52812437908577,18.7307575360308,58.79424792770674,track,0.0
1029987,WF,2,18419.0,25.43301142832715,18.64036930300566,37.231751259890274,track,0.0
1029987,WF,2,18419.0,25.333869650184745,18.527325858837894,77.47843350001601,track,0.0
1029987,WF,2,18419.0,23.29267554364953,14.94156296995193,388.6024303192277,footway,0.0
1029987,WF,2,18419.0,24.628130433429693,17.805391444492177,181.36531820433137,track,0.0
1029987,WF,2,18419.0,25.79332558879039,19.008030603549386,34.34154814912338,track,0.0
1029987,WF,2,18419.0,26.63454147412865,20.048276764180933,65.4969321687853,track,0.0
1029987,WF,2,18419.0,22.9107313616539,14.665498914200603,193.25558913579388,footway,0.0
1029987,WF,2,18419.0,25.75813380447625,19.01607018480281,104.94522749401544,residential,0.0
1029987,WF,2,18419.0,25.838307745543666,19.061455479105113,372.59023829577666,track,0.0
1029987,WF,2,18419.0,25.47630865215568,18.668210938968237,31.07751372027941,track,0.0
1029987,WF,2,18419.0,26.533485025425847,19.891168544873086,1274.6464242077257,unclassified,0.0
1029987,WF,2,18419.0,23.443718420657113,15.118129147455708,287.24542323731083,footway,0.0
1029958,WF,2,1568.0,2.5699170090285577,0.45909961403580113,345.3604003559386,unclassified,0.0
1029958,WF,2,1568.0,1.7487179122931076,0.4458984742696988,40.1427545285868,service,1.0
1029958,WF,2,1568.0,1.7156285271645297,0.8319116123450842,37.511162468166795,service,1.0
1029958,WF,2,1568.0,2.300731693124943,0.7693855967719505,135.71711464395514,path,0.0
1029958,WF,2,1568.0,0.9148132331195924,0.5257673842758921,1134.4700771615835,tertiary,1.0
1029958,WF,2,1568.0,1.3212519627212085,0.8001081338104264,14.081023232656307,path,1.0
1029958,WF,2,1568.0,1.7878986540893524,0.2784206129277663,200.0138736751684,service,0.0
1029958,WF,2,1568.0,2.126510418100606,0.5295593017033854,29.81360986637275,residential,0.0
1029958,WF,2,1568.0,2.763583527050152,0.4072182399114901,4.482361574264508,steps,0.0
1029958,WF,2,1568.0,1.7547892017860176,0.446916266390088,44.60747994548357,service,1.0
1029958,WF,2,1568.0,0.6959143854145969,1.2162267552721187,10.539100249678597,tertiary,1.0
1029958,WF,2,1568.0,1.3535212387536442,0.05691963559675339,332.5741080001375,track,0.7726221563350425
1029958,WF,2,1568.0,2.10586756622382,0.015323912511498878,30.932999015374598,steps,0.0
1029958,WF,2,1568.0,2.1466108700483364,0.05006817893885897,83.35673344164641,track,1.0
1029958,WF,2,1568.0,1.6044588370445743,0.10432248393212383,158.79132124845648,unclassified,1.0
1029958,WF,2,1568.0,1.607742510226015,0.5144616974009529,102.18094409599586,track,1.0
1029958,WF,2,1568.0,1.7945695297904762,0.4822619865482014,361.5741254793511,path,1.0
1029958,WF,2,1568.0,1.8652942409193443,0.4502114056575622,163.99997088382185,track,1.0
1029958,WF,2,1568.0,2.2079309767370057,0.24122677313416202,48.04930125136442,tertiary,0.0
1029958,WF,2,1568.0,2.2414359652169455,0.5114520603209113,51.863766173789145,track,0.0
1029958,WF,2,1568.0,2.6435928836565714,0.08974799109263636,815.2958611580231,tertiary,0.37335837848083975
1029958,WF,2,1568.0,0.4385450868392021,0.9975161042054378,171.42345531317187,track,1.0
1029958,WF,2,1568.0,1.3255260564963691,1.0987500550604548,116.79023254353146,footway,1.0
1029958,WF,2,1568.0,2.7509494576399964,0.5618691209362469,3176.5441091641014,unclassified,0.0
1029958,WF,2,1568.0,1.4583301897421614,0.886383368852784,249.82340723835537,track,1.0
1029958,WF,2,1568.0,1.461854226324231,0.4033128669701143,554.0364432438829,track,1.0
1029958,WF,2,1568.0,2.6635733769556182,0.09927037088146469,2751.220295589722,path,0.4540721273964887
1029958,WF,2,1568.0,2.2334714914311404,0.23722906237791755,20.110816496214156,service,0.0
1029958,WF,2,1568.0,1.8992667410602129,0.24714901103565376,266.86414422354375,path,1.0
1029958,WF,2,1568.0,3.7091548283833733,2.1093045709291114,2821.352064221532,tertiary,0.0
1029958,WF,2,1568.0,1.3007182904259778,0.06347760960568473,5.524566803883932,path,1.0
1029958,WF,2,1568.0,2.1117515099953206,0.03915886147027499,26.862155888637606,steps,0.0
1029958,WF,2,1568.0,2.203679095738106,0.20012613663946185,86.57581464205576,service,0.0
1029958,WF,2,1568.0,1.2793301810237447,1.1713342973281438,35.16061005235512,service,1.0
1029958,WF,2,1568.0,2.747913897802001,0.3693564237765445,27.481540599445673,footway,0.0
1029958,WF,2,1568.0,1.9290355569564097,0.28421114448170975,165.7966655221592,footway,1.0
1029958,WF,2,1568.0,1.3591745599364369,0.7620635804351932,18.477748928187168,path,1.0
1029958,WF,2,1568.0,1.3666843952899284,0.8412100945719596,29.057723892113813,path,1.0
1029958,WF,2,1568.0,2.082635847406523,0.0008482780372361499,10.603516935813072,steps,0.0
1029958,WF,2,1568.0,1.3197312570042699,1.1343962314453904,63.44838927541883,service,1.0
1029958,WF,2,1568.0,3.5589255155305466,2.000625280449967,56.49645897063458,service,0.0
1029958,WF,2,1568.0,2.1717697621589847,0.3034202201141018,261.80890327951255,tertiary,0.0
1029958,WF,2,1568.0,0.36150289886785586,1.3656589793842477,57.057032409889445,track,1.0
1029958,WF,2,1568.0,1.5537233063715967,0.5850408709047853,66.65086437933822,track,1.0
1029958,WF,2,1568.0,1.0738022705509795,0.6621842671656739,305.3701912947099,track,1.0
1029958,WF,2,1568.0,1.452906907868115,0.2711420421190563,8.780882473536513,path,1.0
1029958,WF,2,1568.0,0.3317141592606618,1.2573113065573547,536.6640654621866,track,1.0
1029958,WF,2,1568.0,1.3430057708834358,1.0243723769699196,25.33556939667221,service,1.0
1029958,WF,2,1568.0,2.1013388045750894,0.5716527032339045,18.383206911147415,footway,0.0
1029958,WF,2,1568.0,2.6536812695344048,0.9777625185813937,777.4373644996982,track,0.0
1029958,WF,2,1568.0,13.809196500573336,11.160745171646704,29.870564663603226,footway,0.0
1029958,WF,2,1568.0,20.556624340125666,17.820232250553726,115.87162942445987,residential,0.0
1029958,WF,2,1568.0,21.72173438022392,19.049853201130492,247.9675936832775,service,0.0
1029958,WF,2,1568.0,22.009329126121244,19.264554623497325,327.534671010986,footway,0.0
1029958,WF,2,1568.0,20.392063037640842,17.691744024312154,735.2376974219562,residential,0.0
1029958,WF,2,1568.0,12.40302511425281,10.017342262609096,491.3086866058257,track,0.0
1029958,WF,2,1568.0,22.00085701885809,19.341199756130564,93.19021987612733,service,0.0
1029958,WF,2,1568.0,21.60262754522792,18.819452153854552,76.78791347692412,residential,0.0
1029958,WF,2,1568.0,17.595437782136496,14.819216913550589,16.04483836267549,residential,0.0
1029958,WF,2,1568.0,18.110485894919805,15.639866659685978,70.87713160259108,tertiary,0.0
1029958,WF,2,1568.0,15.433975515747731,12.870092918441653,235.03720943967429,track,0.0
1029958,WF,2,1568.0,18.035950839888613,15.26337861312944,1327.0503643027769,track,0.0
1029958,WF,2,1568.0,20.823472998036962,18.0765800303165,14.277015117320033,motorway,0.0
1029958,WF,2,1568.0,21.016680301863055,18.262239039997983,455.0759902816261,residential,0.0
1029958,WF,2,1568.0,21.976451243986297,19.246266676641767,145.89371627066095,primary,0.0
1029958,WF,2,1568.0,22.26968046085563,19.519993531454308,234.19971769494325,service,0.0
1029958,WF,2,1568.0,18.924885441294467,16.173795058101227,33.68794153242648,service,0.0
1029958,WF,2,1568.0,20.765803183425305,18.20502240574844,84.77851337274353,residential,0.0
1029958,WF,2,1568.0,18.849854349841788,16.29566104984868,21.896928768869945,secondary,0.0
1029958,WF,2,1568.0,18.20879260973591,15.766269329162546,11.684195070354384,residential,0.0
1029958,WF,2,1568.0,22.102970532009962,19.39103972390615,11.645478676181991,footway,0.0
1029958,WF,2,1568.0,19.730251340815272,17.109885537912135,89.3870237537041,track,0.0
1029958,WF,2,1568.0,13.525900650124667,11.179803221990793,183.35206811549108,track,0.0
1029958,WF,2,1568.0,18.203665050124798,15.46326250121156,256.8521651584766,track,0.0
1029958,WF,2,1568.0,18.157242557853436,15.41206308211684,695.4032039750236,track,0.0
1029958,WF,2,1568.0,19.214204337791273,16.652861189952265,49.0819887248974,residential,0.0
1029958,WF,2,1568.0,21.897964313255077,19.17855438642205,13.743722152718583,secondary,0.0
1029958,WF,2,1568.0,21.677701668797614,18.89519920348205,38.30101390071959,service,0.0
1029958,WF,2,1568.0,18.935266858485864,16.153292057428427,73.15724758874705,residential,0.0
1029958,WF,2,1568.0,20.509371142888476,17.740079168410812,69.02137226888327,service,0.0
1029958,WF,2,1568.0,21.64023839061198,18.86524625433416,23.9027244098966,tertiary,0.0
1029958,WF,2,1568.0,20.07252393495078,17.42087708377972,353.2475220205952,residential,0.0
1029958,WF,2,1568.0,22.11993038503981,19.43708333912281,34.208918555385594,footway,0.0
1029958,WF,2,1568.0,21.544225088103317,18.77177488811254,63.15459335879526,residential,0.0
1029958,WF,2,1568.0,19.22760206218226,16.58750903330205,30.730363073613816,service,0.0
1029958,WF,2,1568.0,18.946697268989904,16.291419248517606,1414.6958060839972,residential,0.0
1029958,WF,2,1568.0,19.249905323329006,16.477880601256086,45.29799289093274,path,0.0
1029958,WF,2,1568.0,20.604845027607855,17.83299068505868,35.87499195309275,track,0.0
1029958,WF,2,1568.0,21.899384157240206,19.157953480164174,140.16615725230437,footway,0.0
1029958,WF,2,1568.0,19.703917765469654,16.95608383485054,196.64565096696927,residential,0.0
1029958,WF,2,1568.0,21.91574036610372,19.173306298759513,27.622503431961015,residential,0.0
1029958,WF,2,1568.0,21.31943949339263,18.583505837340933,1207.6281658149055,tertiary,0.0
1029958,WF,2,1568.0,21.14820677008953,18.373851148064915,133.6479588103497,track,0.0
1029958,WF,2,1568.0,21.140185770275636,18.454845875130378,258.41400072121496,track,0.0
1029958,WF,2,1568.0,20.584386816158425,17.802093758287285,6.482559517129123,path,0.0
1029958,WF,2,1568.0,20.80395731080969,18.06234001772816,104.9245963551136,residential,0.0
1029958,WF,2,1568.0,21.994632543495644,19.356225238401755,12.32721399163317,tertiary,0.0
1029958,WF,2,1568.0,12.921645906279904,10.591287652382745,1184.4220044861236,track,0.0
1029958,WF,2,1568.0,17.698745142188187,14.920592790855583,366.3241309055422,tertiary,0.0
1029958,WF,2,1568.0,22.122664531393994,19.425699124317603,379.68480972151593,residential,0.0
